{
  "version": 1,
  "brandId": "genesis",
  "brandEn": "Genesis",
  "brandHe": "ג׳נסיס",
  "generatedAt": "2025-11-30",
  "models": [
    {
      "modelId": "genesis:g70",
      "modelEn": "G70",
      "modelHe": "G70"
    },
    {
      "modelId": "genesis:g80",
      "modelEn": "G80",
      "modelHe": "G80"
    },
    {
      "modelId": "genesis:g90",
      "modelEn": "G90",
      "modelHe": "G90"
    },
    {
      "modelId": "genesis:gv70",
      "modelEn": "GV70",
      "modelHe": "GV70"
    },
    {
      "modelId": "genesis:gv80",
      "modelEn": "GV80",
      "modelHe": "GV80"
    }
  ]
}