{
  "firestore": {
    "rules": "firestore.rules",
    "indexes": "firestore.indexes.json"
  },
  "storage": {
    "rules": "storage.rules"
  },
  "functions": {
    "predeploy": [
      "npm --prefix \"$RESOURCE_DIR\" run build"
    ],
    "source": "functions"
  },
  "hosting": {
    "public": "web/dist",
    "ignore": [
      "firebase.json",
      "**/.*",
      "**/node_modules/**"
    ],
    "rewrites": [
      {
        "source": "/sitemap.xml",
        "function": "seo"
      },
      {
        "source": "/car/**",
        "function": "seo"
      },
      {
        "source": "/yard/**",
        "function": "seo"
      },
      {
        "source": "/blog/**",
        "function": "seo"
      },
      {
        "source": "**",
        "destination": "/index.html"
      }
    ],
    "headers": [
      {
        "source": "**/*.html",
        "headers": [
          {
            "key": "Cache-Control",
            "value": "no-cache, no-store, must-revalidate"
          }
        ]
      },
      {
        "source": "/assets/**",
        "headers": [
          {
            "key": "Cache-Control",
            "value": "public, max-age=300"
          }
        ]
      },
      {
        "source": "**/*.js",
        "headers": [
          {
            "key": "Cache-Control",
            "value": "public, max-age=300"
          }
        ]
      },
      {
        "source": "**/*.css",
        "headers": [
          {
            "key": "Cache-Control",
            "value": "public, max-age=300"
          }
        ]
      },
      {
        "source": "**/service-worker.js",
        "headers": [
          {
            "key": "Cache-Control",
            "value": "no-cache, no-store, must-revalidate"
          }
        ]
      },
      {
        "source": "**/sw.js",
        "headers": [
          {
            "key": "Cache-Control",
            "value": "no-cache, no-store, must-revalidate"
          }
        ]
      },
      {
        "source": "/car_catalog_models_he_en.json",
        "headers": [
          {
            "key": "Cache-Control",
            "value": "no-cache"
          }
        ]
      }
    ]
  }
}

