{
  "version": 1,
  "brandId": "seat",
  "brandEn": "Seat",
  "brandHe": "סיאט",
  "generatedAt": "2025-11-30",
  "models": [
    {
      "modelId": "seat:ibiza",
      "modelEn": "Ibiza",
      "modelHe": "איביזה"
    },
    {
      "modelId": "seat:leon",
      "modelEn": "Leon",
      "modelHe": "לאון"
    },
    {
      "modelId": "seat:toledo",
      "modelEn": "Toledo",
      "modelHe": "טולדו"
    },
    {
      "modelId": "seat:arona",
      "modelEn": "Arona",
      "modelHe": "ארונה"
    },
    {
      "modelId": "seat:ateca",
      "modelEn": "Ateca",
      "modelHe": "אטקה"
    },
    {
      "modelId": "seat:tarraco",
      "modelEn": "Tarraco",
      "modelHe": "טראקו"
    }
  ]
}