{
  "version": 1,
  "brandId": "byd",
  "brandEn": "BYD",
  "brandHe": "BYD",
  "generatedAt": "2025-11-30",
  "models": [
    {
      "modelId": "byd:atto-3",
      "modelEn": "Atto 3",
      "modelHe": "אטו 3"
    },
    {
      "modelId": "byd:dolphin",
      "modelEn": "Dolphin",
      "modelHe": "דולפין"
    },
    {
      "modelId": "byd:seal",
      "modelEn": "Seal",
      "modelHe": "סיל"
    },
    {
      "modelId": "byd:han",
      "modelEn": "Han",
      "modelHe": "האן"
    },
    {
      "modelId": "byd:tang",
      "modelEn": "Tang",
      "modelHe": "טאנג"
    }
  ]
}