{
  "exportVersion": 5,
  "timestamp": 1761331000487,
  "tables": {
    "customers": [
      {
        "active": true,
        "address": "שמואל הנביא 8",
        "createdAt": 1760879802845,
        "email": "ddd@ff.com",
        "firstName": "זוהר",
        "id": 4,
        "isCompany": false,
        "lastName": "ארגוב",
        "phone": "05433333",
        "tzId": "0344566",
        "updatedAt": 1760879802845
      },
      {
        "active": true,
        "address": "ייי",
        "createdAt": 1757252740026,
        "firstName": "א1",
        "id": 1,
        "isCompany": true,
        "lastName": "ב",
        "phone": "0534444444",
        "tzId": "8",
        "updatedAt": 1757252740026
      },
      {
        "active": true,
        "createdAt": 1758003186314,
        "firstName": "יניב",
        "id": 3,
        "isCompany": false,
        "lastName": "זוהר",
        "phone": "0542050109",
        "tzId": "9999",
        "updatedAt": 1758003186314
      },
      {
        "active": true,
        "address": "ייי",
        "createdAt": 1757252756786,
        "firstName": "עעע",
        "id": 2,
        "isCompany": false,
        "lastName": "פפ",
        "phone": "88",
        "tzId": "000",
        "updatedAt": 1757252756786
      }
    ],
    "suppliers": [
      {
        "address": "חחצ",
        "commissionDays1to6": 15,
        "commissionDays24plus": 7,
        "commissionDays7to23": 10,
        "defaultHold": 2000,
        "id": 2,
        "name": "בסט",
        "phone": "03456666",
        "taxId": "777"
      },
      {
        "address": "טט1",
        "commissionDays1to6": 15,
        "commissionDays24plus": 7,
        "commissionDays7to23": 10,
        "defaultHold": 2000,
        "id": 1,
        "name": "הגר",
        "phone": "0545555555",
        "taxId": "777"
      }
    ],
    "agents": [
      {
        "active": true,
        "id": 2,
        "name": "חיים",
        "phone": "666"
      },
      {
        "active": true,
        "email": "hhhh",
        "id": 4,
        "name": "טטט",
        "phone": "666"
      },
      {
        "active": true,
        "email": "eee",
        "id": 1,
        "name": "יניב",
        "phone": "777ו65"
      },
      {
        "active": true,
        "email": "ggg",
        "id": 3,
        "name": "פפפ1",
        "phone": "777"
      }
    ],
    "carTypes": [],
    "branches": [
      {
        "city": "חיפה",
        "id": 3,
        "name": "חיפה",
        "phone": "6666",
        "street": "פפפפפ",
        "supplierId": 2
      },
      {
        "city": "פתח ץקווה",
        "id": 5,
        "name": "פתח ץקווה",
        "street": "עמבר 7",
        "supplierId": 2
      },
      {
        "city": "פתח תקווה",
        "id": 6,
        "name": "פתח תקווה",
        "phone": "06666",
        "street": "עמבר 7",
        "supplierId": 2
      },
      {
        "city": "חחח",
        "id": 7,
        "name": "חחח",
        "phone": "666",
        "street": "ששד",
        "supplierId": 1
      },
      {
        "city": "חיפה",
        "id": 2,
        "name": "חיפה",
        "phone": "9877",
        "street": "סלמון 8",
        "supplierId": 1
      },
      {
        "city": "טיבה",
        "id": 1,
        "name": "טיבה",
        "phone": "05233333",
        "street": "אאא1",
        "supplierId": 1
      },
      {
        "city": "נתניה",
        "id": 4,
        "name": "נתניה",
        "street": "משה 8",
        "supplierId": 1
      }
    ],
    "reservations": [
      {
        "agreedPrice": 555.0,
        "airportMode": false,
        "branchId": 5,
        "carTypeId": 1,
        "carTypeName": "קאדילאק",
        "commissionPercentUsed": 0.15,
        "createdAt": 1760879860509,
        "customerId": 4,
        "dateFrom": 1760857200000,
        "dateTo": 1761030000000,
        "id": 9,
        "includeVat": true,
        "isClosed": false,
        "isQuote": false,
        "kmIncluded": 333,
        "periodTypeDays": 1,
        "requiredHoldAmount": 2000,
        "status": "Draft",
        "supplierId": 2,
        "updatedAt": 1760879860509
      },
      {
        "agentId": 2,
        "agreedPrice": 5.0,
        "airportMode": true,
        "branchId": 1,
        "carTypeId": 1,
        "carTypeName": "וולבו",
        "commissionPercentUsed": 0.15,
        "createdAt": 1757317715152,
        "customerId": 2,
        "dateFrom": 1757574000000,
        "dateTo": 1757574000000,
        "id": 5,
        "includeVat": true,
        "isClosed": false,
        "isQuote": false,
        "kmIncluded": 5,
        "periodTypeDays": 1,
        "requiredHoldAmount": 2000,
        "status": "Draft",
        "supplierId": 2,
        "updatedAt": 1759388068250
      },
      {
        "agreedPrice": 6.0,
        "airportMode": true,
        "branchId": 1,
        "carTypeId": 1,
        "carTypeName": "מאזדה",
        "commissionPercentUsed": 0.15,
        "createdAt": 1757317750964,
        "customerId": 1,
        "dateFrom": 1757574000000,
        "dateTo": 1757574000000,
        "id": 7,
        "includeVat": true,
        "isClosed": false,
        "isQuote": false,
        "kmIncluded": 6,
        "periodTypeDays": 1,
        "requiredHoldAmount": 2000,
        "status": "Draft",
        "supplierId": 1,
        "updatedAt": 1757424837899
      },
      {
        "agreedPrice": 7.0,
        "airportMode": false,
        "branchId": 1,
        "carTypeId": 1,
        "createdAt": 1757317818673,
        "customerId": 1,
        "dateFrom": 1757574000000,
        "dateTo": 1757574000000,
        "id": 8,
        "includeVat": true,
        "isClosed": false,
        "isQuote": false,
        "kmIncluded": 7,
        "periodTypeDays": 1,
        "requiredHoldAmount": 2000,
        "status": "Draft",
        "supplierId": 1,
        "updatedAt": 1757317818673
      },
      {
        "agreedPrice": 2.0,
        "airportMode": true,
        "branchId": 1,
        "carTypeId": 1,
        "carTypeName": "פיאט",
        "commissionPercentUsed": 0.15,
        "createdAt": 1757317639324,
        "customerId": 2,
        "dateFrom": 1757487600000,
        "dateTo": 1757660400000,
        "id": 2,
        "includeVat": true,
        "isClosed": false,
        "isQuote": false,
        "kmIncluded": 2,
        "periodTypeDays": 1,
        "requiredHoldAmount": 2000,
        "status": "Draft",
        "supplierId": 1,
        "updatedAt": 1758455816014
      },
      {
        "agreedPrice": 6.0,
        "airportMode": true,
        "branchId": 1,
        "carTypeId": 1,
        "carTypeName": "סובארו",
        "commissionPercentUsed": 0.15,
        "createdAt": 1757317736003,
        "customerId": 2,
        "dateFrom": 1757487600000,
        "dateTo": 1757487600000,
        "id": 6,
        "includeVat": true,
        "isClosed": false,
        "isQuote": false,
        "kmIncluded": 6,
        "periodTypeDays": 1,
        "requiredHoldAmount": 2000,
        "status": "Draft",
        "supplierId": 1,
        "updatedAt": 1757424804930
      },
      {
        "agreedPrice": 1.0,
        "airportMode": false,
        "branchId": 1,
        "carTypeId": 1,
        "carTypeName": "פיאט",
        "commissionPercentUsed": 0.15,
        "createdAt": 1757317595724,
        "customerId": 1,
        "dateFrom": 1757401200000,
        "dateTo": 1757487600000,
        "id": 1,
        "includeVat": true,
        "isClosed": false,
        "isQuote": false,
        "kmIncluded": 1,
        "periodTypeDays": 1,
        "requiredHoldAmount": 2000,
        "status": "Draft",
        "supplierId": 1,
        "updatedAt": 1759387288772
      },
      {
        "agreedPrice": 3.0,
        "airportMode": true,
        "branchId": 1,
        "carTypeId": 1,
        "createdAt": 1757317656851,
        "customerId": 1,
        "dateFrom": 1757401200000,
        "dateTo": 1757401200000,
        "id": 3,
        "includeVat": true,
        "isClosed": false,
        "isQuote": false,
        "kmIncluded": 3,
        "periodTypeDays": 1,
        "requiredHoldAmount": 2000,
        "status": "Draft",
        "supplierId": 1,
        "updatedAt": 1757317656851
      },
      {
        "agreedPrice": 4.0,
        "airportMode": true,
        "branchId": 1,
        "carTypeId": 1,
        "createdAt": 1757317674153,
        "customerId": 2,
        "dateFrom": 1757401200000,
        "dateTo": 1757487600000,
        "id": 4,
        "includeVat": true,
        "isClosed": false,
        "isQuote": false,
        "kmIncluded": 4,
        "periodTypeDays": 1,
        "requiredHoldAmount": 2000,
        "status": "Draft",
        "supplierId": 1,
        "updatedAt": 1757317687983
      }
    ],
    "payments": [],
    "commissionRules": [],
    "cardStubs": [
      {
        "brand": "CARD",
        "holderFirstName": "עעע",
        "holderLastName": "פפ",
        "holderTz": "000",
        "id": 11,
        "last4": "",
        "reservationId": 5
      },
      {
        "brand": "CARD",
        "id": 6,
        "last4": "",
        "reservationId": 7
      },
      {
        "brand": "CARD",
        "holderFirstName": "עעע",
        "holderLastName": "פפ",
        "holderTz": "000",
        "id": 9,
        "last4": "",
        "reservationId": 2
      },
      {
        "brand": "CARD",
        "holderFirstName": "עעע",
        "holderLastName": "פפ",
        "holderTz": "000",
        "id": 3,
        "last4": "",
        "reservationId": 6
      },
      {
        "brand": "CARD",
        "id": 10,
        "last4": "",
        "reservationId": 1
      },
      {
        "brand": "CARD",
        "holderFirstName": "עעע",
        "holderLastName": "פפ",
        "holderTz": "000",
        "id": 2,
        "last4": "",
        "reservationId": 4
      }
    ],
    "requests": [
      {
        "carTypeName": "יגואר",
        "createdAt": 1759380568186,
        "firstName": "צביקה",
        "id": 8,
        "isPurchase": false,
        "isQuote": false,
        "lastName": "פיק",
        "phone": "0542222233"
      },
      {
        "carTypeName": "שברולט",
        "createdAt": 1759379421646,
        "firstName": "משה",
        "id": 7,
        "isPurchase": false,
        "isQuote": false,
        "lastName": "לוי",
        "phone": "05422222"
      },
      {
        "carTypeName": "פיאט",
        "createdAt": 1759378087121,
        "firstName": "שלום",
        "id": 6,
        "isPurchase": false,
        "isQuote": false,
        "lastName": "חנוך",
        "phone": "0542222"
      },
      {
        "carTypeName": "סיטרואן",
        "createdAt": 1759377426068,
        "firstName": "חיים",
        "id": 5,
        "isPurchase": true,
        "isQuote": false,
        "lastName": "י ין",
        "phone": "0542222252"
      },
      {
        "carTypeName": "מרצדס",
        "createdAt": 1758003162314,
        "firstName": "יניב",
        "id": 4,
        "isPurchase": false,
        "isQuote": true,
        "lastName": "זוהר",
        "phone": "0542050109"
      },
      {
        "carTypeName": "מרצדס",
        "createdAt": 1757415197425,
        "firstName": "ארז",
        "id": 1,
        "isPurchase": false,
        "isQuote": false,
        "lastName": "אפריאט",
        "phone": "0542222"
      }
    ],
    "carSales": [
      {
        "carTypeName": "מרצדס",
        "commissionPrice": 1000.0,
        "createdAt": 1757416363164,
        "firstName": "משה",
        "id": 2,
        "lastName": "ברמן",
        "notes": "שקט",
        "phone": "",
        "saleDate": 1757416348170,
        "salePrice": 20000.0,
        "updatedAt": 1757416363164
      },
      {
        "carTypeName": "וולבו",
        "commissionPrice": 1010.0,
        "createdAt": 1757415254074,
        "firstName": "ארז",
        "id": 1,
        "lastName": "אפריאט",
        "notes": "חבר",
        "phone": "",
        "saleDate": 1757415241922,
        "salePrice": 51000.0,
        "updatedAt": 1757415254074
      }
    ]
  }
}