{
  "indexes": [
    {
      "collectionGroup": "carSales",
      "queryScope": "COLLECTION",
      "fields": [
        {
          "fieldPath": "saleStatus",
          "order": "ASCENDING"
        },
        {
          "fieldPath": "soldAt",
          "order": "DESCENDING"
        }
      ]
    },
    {
      "collectionGroup": "leads",
      "queryScope": "COLLECTION",
      "fields": [
        {
          "fieldPath": "sellerType",
          "order": "ASCENDING"
        },
        {
          "fieldPath": "sellerId",
          "order": "ASCENDING"
        },
        {
          "fieldPath": "createdAt",
          "order": "DESCENDING"
        }
      ]
    }
  ],
  "fieldOverrides": []
}

