{
  "exportVersion": 5,
  "timestamp": 1760074788338,
  "tables": {
    "customers": [
      {
        "active": true,
        "createdAt": 1757415809561,
        "firstName": "אופק מעקות",
        "id": 20,
        "isCompany": true,
        "lastName": "",
        "phone": "0538309950",
        "tzId": "515221984",
        "updatedAt": 1757415809561
      },
      {
        "active": true,
        "createdAt": 1757236266172,
        "firstName": "מגדלור ניסים בע\"מ",
        "id": 12,
        "isCompany": true,
        "lastName": "",
        "phone": "+972 54-777-1715",
        "tzId": "514679661",
        "updatedAt": 1757236266172
      },
      {
        "active": true,
        "address": "המצודה 29 אזור",
        "createdAt": 1756710500656,
        "firstName": "סולומרקט 360 יבוא בעמ",
        "id": 3,
        "isCompany": true,
        "lastName": ".",
        "phone": "+972 54-313-4889",
        "tzId": "513770669",
        "updatedAt": 1756710500656
      },
      {
        "active": true,
        "createdAt": 1756892582191,
        "firstName": "Chaim",
        "id": 7,
        "isCompany": false,
        "lastName": "Schipper",
        "phone": "+49 163 3413410",
        "updatedAt": 1756892582191
      },
      {
        "active": true,
        "createdAt": 1756907160352,
        "firstName": "נגיב",
        "id": 9,
        "isCompany": false,
        "lastName": "אבו ריא",
        "phone": "0547413094",
        "tzId": "033928300",
        "updatedAt": 1756907160352
      },
      {
        "active": true,
        "address": "כבירים 96 חיפה",
        "createdAt": 1756906601065,
        "firstName": "עלה",
        "id": 8,
        "isCompany": false,
        "lastName": "אבו ריא",
        "phone": "0505909005",
        "tzId": "040248221",
        "updatedAt": 1756906601065
      },
      {
        "active": true,
        "createdAt": 1758450789799,
        "firstName": "אילן",
        "id": 34,
        "isCompany": false,
        "lastName": "אורנשטיין",
        "phone": "0505218408",
        "tzId": "051736718",
        "updatedAt": 1758450789799
      },
      {
        "active": true,
        "createdAt": 1759647660073,
        "firstName": "אברהם",
        "id": 43,
        "isCompany": false,
        "lastName": "אילייאיץ",
        "phone": "0528100124",
        "tzId": "306698721",
        "updatedAt": 1759647660073
      },
      {
        "active": true,
        "address": "הכלנית 733 אור עקיבא",
        "createdAt": 1757330670209,
        "firstName": "יהודית ",
        "id": 18,
        "isCompany": false,
        "lastName": "אלבז",
        "phone": "0547910491",
        "tzId": "59092148",
        "updatedAt": 1757330670209
      },
      {
        "active": true,
        "createdAt": 1758016905426,
        "firstName": "עומר",
        "id": 29,
        "isCompany": false,
        "lastName": "בוברבסקי",
        "phone": "+44 7562 676388",
        "tzId": "042340505",
        "updatedAt": 1758016905426
      },
      {
        "active": true,
        "createdAt": 1757246111058,
        "firstName": "מאור",
        "id": 14,
        "isCompany": false,
        "lastName": "בינימין",
        "phone": "+1 (310) 666-5118",
        "tzId": "302951140",
        "updatedAt": 1757246111058
      },
      {
        "active": true,
        "createdAt": 1759668896945,
        "firstName": "נפתלי",
        "id": 44,
        "isCompany": false,
        "lastName": "בלומשטיין",
        "phone": "+972 50-890-0379",
        "tzId": "022545594",
        "updatedAt": 1759668896945
      },
      {
        "active": true,
        "createdAt": 1759987497737,
        "firstName": "אלדד",
        "id": 47,
        "isCompany": false,
        "lastName": "בן אהרון",
        "phone": "+31 6 28265565",
        "tzId": "036503795",
        "updatedAt": 1759987497737
      },
      {
        "active": true,
        "createdAt": 1757661948125,
        "firstName": "אורן",
        "id": 24,
        "isCompany": false,
        "lastName": "בן פורת",
        "phone": "+972 52-556-4095",
        "tzId": "027919737",
        "updatedAt": 1757661948125
      },
      {
        "active": true,
        "createdAt": 1757246043349,
        "firstName": "מאור",
        "id": 13,
        "isCompany": false,
        "lastName": "בנימין",
        "phone": "+1 (310) 666-5118",
        "tzId": "302951140",
        "updatedAt": 1757246043349
      },
      {
        "active": true,
        "createdAt": 1757246377686,
        "firstName": "מאור ",
        "id": 15,
        "isCompany": false,
        "lastName": "בנימין",
        "phone": "+1 (310) 666-5118",
        "tzId": "302951140",
        "updatedAt": 1757246377686
      },
      {
        "active": true,
        "createdAt": 1756748767158,
        "firstName": "רחל",
        "id": 4,
        "isCompany": false,
        "lastName": "בסון",
        "phone": "+972 54-288-8499",
        "tzId": "039035563",
        "updatedAt": 1756748767158
      },
      {
        "active": true,
        "createdAt": 1758351343872,
        "firstName": "סמי",
        "id": 32,
        "isCompany": false,
        "lastName": "דוד",
        "phone": "+972 58-676-6547",
        "tzId": "028830024",
        "updatedAt": 1758351343872
      },
      {
        "active": true,
        "createdAt": 1759471350211,
        "firstName": "כרמלה",
        "id": 42,
        "isCompany": false,
        "lastName": "דיין",
        "phone": "0507721992",
        "tzId": "23934870",
        "updatedAt": 1759471350211
      },
      {
        "active": true,
        "createdAt": 1756879044918,
        "firstName": "יוסף",
        "id": 6,
        "isCompany": false,
        "lastName": "האן",
        "phone": "0522262565",
        "updatedAt": 1756879044918
      },
      {
        "active": true,
        "createdAt": 1759070968924,
        "firstName": "מנשה ",
        "id": 40,
        "isCompany": false,
        "lastName": "הפנר",
        "phone": "+972 50-904-6366",
        "tzId": "311524235",
        "updatedAt": 1759070968924
      },
      {
        "active": true,
        "createdAt": 1757838548145,
        "firstName": "ברכה",
        "id": 25,
        "isCompany": false,
        "lastName": "וייס",
        "phone": "+972 52-804-9998",
        "tzId": "040682833",
        "updatedAt": 1757838548145
      },
      {
        "active": true,
        "createdAt": 1757505285639,
        "firstName": "איתי",
        "id": 22,
        "isCompany": false,
        "lastName": "ויסוצקי",
        "phone": "+972 52-247-2370",
        "tzId": "032121782",
        "updatedAt": 1757505285639
      },
      {
        "active": true,
        "createdAt": 1756648023738,
        "firstName": "משה ",
        "id": 1,
        "isCompany": false,
        "lastName": "חביב",
        "phone": "0526661010",
        "tzId": "038735874",
        "updatedAt": 1756648023738
      },
      {
        "active": true,
        "createdAt": 1757491796869,
        "firstName": "תאיר",
        "id": 21,
        "isCompany": false,
        "lastName": "חביבאללה",
        "phone": "0504492121",
        "tzId": "311482152",
        "updatedAt": 1757491796869
      },
      {
        "active": true,
        "createdAt": 1758447908552,
        "firstName": "אורין",
        "id": 33,
        "isCompany": false,
        "lastName": "חדד",
        "phone": "+972 50-611-3118",
        "tzId": "325299949",
        "updatedAt": 1758447908552
      },
      {
        "active": true,
        "createdAt": 1757229851676,
        "firstName": "חלוצית ארבע כפר שיתופי בע\"מ.",
        "id": 11,
        "isCompany": true,
        "lastName": "חלוצית",
        "phone": "0546673165",
        "tzId": "570048322",
        "updatedAt": 1757229851676
      },
      {
        "active": true,
        "createdAt": 1758521992871,
        "firstName": "ליאור",
        "id": 37,
        "isCompany": false,
        "lastName": "חליבה",
        "phone": "+972 54-667-7582",
        "tzId": "203704341",
        "updatedAt": 1758521992871
      },
      {
        "active": true,
        "createdAt": 1759425464756,
        "firstName": "חסן",
        "id": 41,
        "isCompany": false,
        "lastName": "טאהא",
        "phone": "+972 53-715-4305",
        "tzId": "208954842",
        "updatedAt": 1759425464756
      },
      {
        "active": true,
        "createdAt": 1758088106231,
        "firstName": "דנה",
        "id": 31,
        "isCompany": false,
        "lastName": "טאוויל",
        "phone": "5107665522",
        "tzId": "A53697102",
        "updatedAt": 1758088106231
      },
      {
        "active": true,
        "createdAt": 1757336304624,
        "firstName": "אלכסנדר",
        "id": 19,
        "isCompany": false,
        "lastName": "יעקובלב",
        "phone": "+972 53-533-3259",
        "tzId": "321320277",
        "updatedAt": 1757336304624
      },
      {
        "active": true,
        "createdAt": 1757313982698,
        "firstName": "אבי",
        "id": 16,
        "isCompany": false,
        "lastName": "כהן",
        "phone": "0543490797",
        "tzId": "034215988",
        "updatedAt": 1757313982698
      },
      {
        "active": true,
        "createdAt": 1757326534378,
        "firstName": "יעל",
        "id": 17,
        "isCompany": false,
        "lastName": "כהן",
        "phone": "0543515544",
        "tzId": "29675626",
        "updatedAt": 1757326534378
      },
      {
        "active": true,
        "createdAt": 1757570810122,
        "firstName": "מרדכי",
        "id": 23,
        "isCompany": false,
        "lastName": "כהן",
        "phone": "0525488627",
        "tzId": "200657005",
        "updatedAt": 1757570810122
      },
      {
        "active": true,
        "createdAt": 1759039787225,
        "firstName": "אורי",
        "id": 39,
        "isCompany": false,
        "lastName": "כנפי",
        "phone": "+972 52-615-7762",
        "tzId": "323049585",
        "updatedAt": 1759039787225
      },
      {
        "active": true,
        "address": "גמלא 50 בת חפר",
        "createdAt": 1758087239619,
        "firstName": "יצחק",
        "id": 30,
        "isCompany": false,
        "lastName": "לוי",
        "phone": "0546279853",
        "tzId": "024808693",
        "updatedAt": 1758087239619
      },
      {
        "active": true,
        "createdAt": 1759906060932,
        "firstName": "עידן",
        "id": 46,
        "isCompany": false,
        "lastName": "מושקטל",
        "phone": "+972 54-292-4511",
        "tzId": "033960394",
        "updatedAt": 1759906060932
      },
      {
        "active": true,
        "createdAt": 1758453552122,
        "firstName": "שווג",
        "id": 35,
        "isCompany": false,
        "lastName": "מראד",
        "phone": "0503223703",
        "tzId": "023414402",
        "updatedAt": 1758453552122
      },
      {
        "active": true,
        "createdAt": 1756648586339,
        "firstName": "ג\u0027ואל",
        "id": 2,
        "isCompany": false,
        "lastName": "סיוסה",
        "phone": "+972 52-240-2363",
        "updatedAt": 1756648586339
      },
      {
        "active": true,
        "createdAt": 1758790692656,
        "firstName": "פואד",
        "id": 38,
        "isCompany": false,
        "lastName": "סלימאן",
        "phone": "+972 50-400-7820",
        "tzId": "059461095",
        "updatedAt": 1758790692656
      },
      {
        "active": true,
        "createdAt": 1756799465276,
        "firstName": "יוסף",
        "id": 5,
        "isCompany": false,
        "lastName": "פדלי",
        "phone": "0545932441",
        "tzId": "058579582",
        "updatedAt": 1756799465276
      },
      {
        "active": true,
        "createdAt": 1758011614378,
        "firstName": "קארין",
        "id": 28,
        "isCompany": false,
        "lastName": "קצב",
        "phone": "+972 50-543-8823",
        "tzId": "027285519",
        "updatedAt": 1758011614378
      },
      {
        "active": true,
        "createdAt": 1758005294102,
        "firstName": "נטלי",
        "id": 27,
        "isCompany": false,
        "lastName": "קרביץ שגב",
        "phone": "05003664498",
        "tzId": "029276763",
        "updatedAt": 1758005294102
      },
      {
        "active": true,
        "createdAt": 1759669403772,
        "firstName": "בנימין",
        "id": 45,
        "isCompany": false,
        "lastName": "רביד",
        "phone": "+972 52-561-3869",
        "tzId": "055903330",
        "updatedAt": 1759669403772
      },
      {
        "active": true,
        "createdAt": 1757066649067,
        "firstName": "מגי",
        "id": 10,
        "isCompany": false,
        "lastName": "רון",
        "phone": "+972 54-384-3377",
        "tzId": "306988114",
        "updatedAt": 1757066649067
      },
      {
        "active": true,
        "createdAt": 1757849863471,
        "firstName": "אריאלה",
        "id": 26,
        "isCompany": false,
        "lastName": "שיבט",
        "phone": "+972 52-817-8899",
        "tzId": "22326714",
        "updatedAt": 1757849863471
      },
      {
        "active": true,
        "createdAt": 1758457011937,
        "firstName": "איתי",
        "id": 36,
        "isCompany": false,
        "lastName": "שילוח",
        "phone": "0539288428",
        "tzId": "1768217",
        "updatedAt": 1758457011937
      }
    ],
    "suppliers": [
      {
        "address": "התעשייה 14 תל אביב",
        "defaultHold": 2000,
        "id": 15,
        "name": "אוטו קאר"
      },
      {
        "address": "הירקון 99",
        "commissionDays1to6": 10,
        "commissionDays24plus": 5,
        "commissionDays7to23": 10,
        "defaultHold": 2000,
        "id": 16,
        "name": "באדג\u0027ט"
      },
      {
        "address": "גלילות 1",
        "defaultHold": 2000,
        "id": 9,
        "name": "בלו סקאי"
      },
      {
        "address": "התעשייה 8 ירושלים",
        "defaultHold": 2000,
        "id": 3,
        "name": "בסט"
      },
      {
        "address": "הלהב 1 חולון",
        "defaultHold": 2000,
        "id": 1,
        "name": "פרי"
      },
      {
        "address": "הנפח 8 חולון",
        "defaultHold": 2000,
        "id": 5,
        "name": "שגריר"
      }
    ],
    "agents": [
      {
        "active": true,
        "id": 1,
        "name": "חזי בן צור"
      }
    ],
    "carTypes": [],
    "branches": [
      {
        "city": "תל אביב",
        "id": 12,
        "name": "תל אביב",
        "street": "התעשייה 16",
        "supplierId": 15
      },
      {
        "city": "אשדוד",
        "id": 29,
        "name": "אשדוד",
        "street": "הבנאים 15",
        "supplierId": 16
      },
      {
        "city": "נתניה",
        "id": 30,
        "name": "נתניה",
        "street": "המלאכה 35",
        "supplierId": 16
      },
      {
        "city": "תל אביב ",
        "id": 28,
        "name": "תל אביב ",
        "street": "הירקון 99",
        "supplierId": 16
      },
      {
        "city": "אשקלון ",
        "id": 27,
        "name": "אשקלון ",
        "street": "צה\"ל 50",
        "supplierId": 9
      },
      {
        "city": "גלילות",
        "id": 11,
        "name": "גלילות",
        "street": "מתחם גלילות דרומי",
        "supplierId": 9
      },
      {
        "city": "חיפה",
        "id": 8,
        "name": "חיפה",
        "street": "ההסתדרות 84",
        "supplierId": 9
      },
      {
        "city": "ירושלים",
        "id": 10,
        "name": "ירושלים",
        "street": "פינס 9",
        "supplierId": 9
      },
      {
        "city": "עפולה ",
        "id": 26,
        "name": "עפולה ",
        "street": "הבנים 33",
        "supplierId": 9
      },
      {
        "city": "תל אביב",
        "id": 9,
        "name": "תל אביב",
        "street": "לחי 89",
        "supplierId": 9
      },
      {
        "city": "הרצליה ",
        "id": 25,
        "name": "הרצליה ",
        "street": "אבא אבן 18",
        "supplierId": 3
      },
      {
        "city": "ירושלים",
        "id": 2,
        "name": "ירושלים",
        "street": "יפו 159",
        "supplierId": 3
      },
      {
        "city": "כפר טרומן",
        "id": 13,
        "name": "כפר טרומן",
        "street": "כפר טרומן",
        "supplierId": 3
      },
      {
        "city": "תל אביב",
        "id": 3,
        "name": "תל אביב",
        "street": "הירקון 112",
        "supplierId": 3
      },
      {
        "city": "איירפורט סיטי",
        "id": 21,
        "name": "איירפורט סיטי",
        "street": "הגולן 1",
        "supplierId": 1
      },
      {
        "city": "אשדוד",
        "id": 18,
        "name": "אשדוד",
        "street": "ז\u0027בוטינסקי מתחם סטאר סנטר",
        "supplierId": 1
      },
      {
        "city": "באר שבע ",
        "id": 15,
        "name": "באר שבע ",
        "street": "דרך חברון 109",
        "supplierId": 1
      },
      {
        "city": "ביתר עלית",
        "id": 19,
        "name": "ביתר עלית",
        "street": "הר\"ן 6",
        "supplierId": 1
      },
      {
        "city": "בני ברק",
        "id": 20,
        "name": "בני ברק",
        "street": "אהרונוביץ 22",
        "supplierId": 1
      },
      {
        "city": "חולון",
        "id": 1,
        "name": "חולון",
        "street": "הלהב 1",
        "supplierId": 1
      },
      {
        "city": "חיפה",
        "id": 14,
        "name": "חיפה",
        "street": "ההסתדרות 104",
        "supplierId": 1
      },
      {
        "city": "ירושלים",
        "id": 17,
        "name": "ירושלים",
        "street": "ירמיהו 9",
        "supplierId": 1
      },
      {
        "city": "כרמיאל",
        "id": 31,
        "name": "כרמיאל",
        "street": "החרושת 48",
        "supplierId": 1
      },
      {
        "city": "נתניה ",
        "id": 22,
        "name": "נתניה ",
        "street": "גיבורי ישראל 7",
        "supplierId": 1
      },
      {
        "city": "פתח תקווה",
        "id": 4,
        "name": "פתח תקווה",
        "street": "שמשון 2",
        "supplierId": 1
      },
      {
        "city": "רעננה ",
        "id": 16,
        "name": "רעננה ",
        "street": "הסדנא 8",
        "supplierId": 1
      },
      {
        "city": "אשדוד ",
        "id": 24,
        "name": "אשדוד ",
        "street": "הפריון 1",
        "supplierId": 5
      },
      {
        "city": "באר שבע",
        "id": 23,
        "name": "באר שבע",
        "street": "שחף 12",
        "supplierId": 5
      },
      {
        "city": "חולון",
        "id": 5,
        "name": "חולון",
        "street": "הנפח 8",
        "supplierId": 5
      },
      {
        "city": "חיפה",
        "id": 6,
        "name": "חיפה",
        "street": "האשלג 30",
        "supplierId": 5
      },
      {
        "city": "ירושלים",
        "id": 7,
        "name": "ירושלים",
        "street": "מעשה חושב 8",
        "supplierId": 5
      },
      {
        "city": "נתניה",
        "id": 32,
        "name": "נתניה",
        "street": "יד חרוצים 8",
        "supplierId": 5
      }
    ],
    "reservations": [
      {
        "agreedPrice": 3064.0,
        "airportMode": true,
        "branchId": 1,
        "carTypeId": 1,
        "carTypeName": "מאזדה cx5 או דומה",
        "commissionPercentUsed": 0.1,
        "createdAt": 1758016991866,
        "customerId": 29,
        "dateFrom": 1766131200000,
        "dateTo": 1767254400000,
        "id": 27,
        "includeVat": true,
        "isClosed": false,
        "isQuote": false,
        "kmIncluded": 2600,
        "notes": "620 0129 4580891100460692\nמסירה בנתב\"ג 317 ₪",
        "periodTypeDays": 7,
        "requiredHoldAmount": 5500,
        "status": "Draft",
        "supplierId": 1,
        "updatedAt": 1758356867208
      },
      {
        "agreedPrice": 850.0,
        "airportMode": false,
        "branchId": 32,
        "carTypeId": 1,
        "carTypeName": "פיקנטו או דומה",
        "commissionPercentUsed": 0.1,
        "createdAt": 1759668951935,
        "customerId": 44,
        "dateFrom": 1760511600000,
        "dateTo": 1761116400000,
        "id": 42,
        "includeVat": true,
        "isClosed": false,
        "isQuote": false,
        "kmIncluded": 1400,
        "notes": "הסניף פתוח עד** 12:00 ***",
        "periodTypeDays": 7,
        "requiredHoldAmount": 2000,
        "status": "Draft",
        "supplierId": 5,
        "supplierOrderNumber": "3035566",
        "updatedAt": 1759669802448
      },
      {
        "agreedPrice": 5723.0,
        "airportMode": true,
        "branchId": 1,
        "carTypeId": 1,
        "carTypeName": "טסלה מודל 3",
        "commissionPercentUsed": 0.07,
        "createdAt": 1758450905391,
        "customerId": 34,
        "dateFrom": 1760266800000,
        "dateTo": 1762862400000,
        "id": 32,
        "includeVat": true,
        "isClosed": false,
        "isQuote": false,
        "kmIncluded": 3500,
        "notes": "מסירה בנתב\"ג 320 ₪\n5326100355945770\n06/26",
        "periodTypeDays": 30,
        "requiredHoldAmount": 7000,
        "status": "Draft",
        "supplierId": 9,
        "supplierOrderNumber": "2179477",
        "updatedAt": 1758458043164
      },
      {
        "agreedPrice": 2011.0,
        "airportMode": false,
        "branchId": 17,
        "carTypeId": 1,
        "carTypeName": "104 ",
        "commissionPercentUsed": 0.1,
        "createdAt": 1759987579879,
        "customerId": 47,
        "dateFrom": 1760252400000,
        "dateTo": 1761202800000,
        "id": 45,
        "includeVat": true,
        "isClosed": false,
        "isQuote": false,
        "kmIncluded": 2200,
        "notes": "לקוח קיים במערכת",
        "periodTypeDays": 7,
        "requiredHoldAmount": 5000,
        "status": "Draft",
        "supplierId": 1,
        "supplierOrderNumber": "2336864",
        "updatedAt": 1759990200430
      },
      {
        "agreedPrice": 2832.0,
        "airportMode": false,
        "branchId": 5,
        "carTypeId": 1,
        "carTypeName": "פיקנטו או דומה",
        "commissionPercentUsed": 0.07,
        "createdAt": 1759425549474,
        "customerId": 41,
        "dateFrom": 1760079600000,
        "dateTo": 1762675200000,
        "id": 39,
        "includeVat": true,
        "isClosed": false,
        "isQuote": false,
        "kmIncluded": 2500,
        "periodTypeDays": 30,
        "requiredHoldAmount": 2000,
        "status": "Draft",
        "supplierId": 5,
        "supplierOrderNumber": "3034367",
        "updatedAt": 1759466183704
      },
      {
        "agreedPrice": 429.0,
        "airportMode": false,
        "branchId": 6,
        "carTypeId": 1,
        "carTypeName": "פיקנטו או דומה",
        "commissionPercentUsed": 0.15,
        "createdAt": 1759669443880,
        "customerId": 45,
        "dateFrom": 1759993200000,
        "dateTo": 1760252400000,
        "id": 43,
        "includeVat": true,
        "isClosed": false,
        "isQuote": false,
        "kmIncluded": 750,
        "periodTypeDays": 1,
        "requiredHoldAmount": 2000,
        "status": "Draft",
        "supplierId": 5,
        "supplierOrderNumber": "3035565",
        "updatedAt": 1759669629069
      },
      {
        "agreedPrice": 2714.0,
        "airportMode": false,
        "branchId": 6,
        "carTypeId": 1,
        "carTypeName": "פיקנטו או דומה",
        "commissionPercentUsed": 0.07,
        "createdAt": 1759906136693,
        "customerId": 46,
        "dateFrom": 1759906800000,
        "dateTo": 1762502400000,
        "id": 44,
        "includeVat": true,
        "isClosed": false,
        "isQuote": false,
        "kmIncluded": 1500,
        "periodTypeDays": 30,
        "requiredHoldAmount": 2000,
        "status": "Draft",
        "supplierId": 5,
        "supplierOrderNumber": "3036243",
        "updatedAt": 1759906531788
      },
      {
        "agreedPrice": 3400.0,
        "airportMode": true,
        "branchId": 1,
        "carTypeId": 1,
        "carTypeName": "מאזדה cx3 או דומה",
        "commissionPercentUsed": 0.1,
        "createdAt": 1758088195955,
        "customerId": 31,
        "dateFrom": 1759752000000,
        "dateTo": 1761134400000,
        "id": 29,
        "includeVat": true,
        "isClosed": false,
        "isQuote": false,
        "kmIncluded": 3200,
        "periodTypeDays": 7,
        "requiredHoldAmount": 2000,
        "status": "Draft",
        "supplierId": 16,
        "updatedAt": 1758356902807
      },
      {
        "agreedPrice": 2714.0,
        "airportMode": false,
        "branchId": 6,
        "carTypeId": 1,
        "carTypeName": "פיקנטו או דומה",
        "commissionPercentUsed": 0.07,
        "createdAt": 1759471417947,
        "customerId": 42,
        "dateFrom": 1759647600000,
        "dateTo": 1762243200000,
        "id": 40,
        "includeVat": true,
        "isClosed": false,
        "isQuote": false,
        "kmIncluded": 1500,
        "periodTypeDays": 30,
        "requiredHoldAmount": 2000,
        "status": "Draft",
        "supplierId": 5,
        "supplierOrderNumber": "3034438",
        "updatedAt": 1759471994230
      },
      {
        "agreedPrice": 3658.0,
        "airportMode": false,
        "branchId": 5,
        "carTypeId": 1,
        "carTypeName": "מאזדה cx3 או דומה",
        "commissionPercentUsed": 0.07,
        "createdAt": 1759647720355,
        "customerId": 43,
        "dateFrom": 1759647600000,
        "dateTo": 1762243200000,
        "id": 41,
        "includeVat": true,
        "isClosed": false,
        "isQuote": false,
        "kmIncluded": 2000,
        "periodTypeDays": 30,
        "requiredHoldAmount": 3000,
        "status": "Draft",
        "supplierId": 5,
        "supplierOrderNumber": "3035218",
        "updatedAt": 1759649652858
      },
      {
        "agreedPrice": 850.0,
        "airportMode": false,
        "branchId": 6,
        "carTypeId": 1,
        "carTypeName": "פיקנטו או דומה",
        "commissionPercentUsed": 0.1,
        "createdAt": 1759039929788,
        "customerId": 39,
        "dateFrom": 1759132800000,
        "dateTo": 1759737600000,
        "id": 37,
        "includeVat": true,
        "isClosed": false,
        "isQuote": false,
        "kmIncluded": 1400,
        "periodTypeDays": 7,
        "requiredHoldAmount": 2000,
        "status": "Draft",
        "supplierId": 5,
        "supplierOrderNumber": "3031926",
        "updatedAt": 1759042210854
      },
      {
        "agreedPrice": 2832.0,
        "airportMode": false,
        "branchId": 5,
        "carTypeId": 1,
        "carTypeName": "פיקנטו או דומה",
        "commissionPercentUsed": 0.07,
        "createdAt": 1759071010693,
        "customerId": 40,
        "dateFrom": 1759132800000,
        "dateTo": 1761728400000,
        "id": 38,
        "includeVat": true,
        "isClosed": false,
        "isQuote": false,
        "kmIncluded": 2500,
        "periodTypeDays": 30,
        "requiredHoldAmount": 2000,
        "status": "Draft",
        "supplierId": 5,
        "supplierOrderNumber": "3032644\nשם מלא: מנשה  הפנר\nטלפון: +972 50-904-6366\nתעודת זהות: 311524235\nתאריך התחלה: 29/09/2025\nתאריך סיום: 29/10/2025\nימים: 30\nספק: שגריר\nמסגרת אשראי נדרשת: 2000 ₪\nסניף: חולון\nרחוב סניף: הנפח 8\nסוג רכב: פיקנטו או דומה\nמחיר מסוכם: 2832 ₪\nקמ כלול: 2500",
        "updatedAt": 1759071426701
      },
      {
        "agreedPrice": 648.0,
        "airportMode": false,
        "branchId": 31,
        "carTypeId": 1,
        "carTypeName": "103",
        "commissionPercentUsed": 0.15,
        "createdAt": 1758790744082,
        "customerId": 38,
        "dateFrom": 1758798000000,
        "dateTo": 1759057200000,
        "id": 36,
        "includeVat": true,
        "isClosed": false,
        "isQuote": false,
        "kmIncluded": 750,
        "periodTypeDays": 1,
        "requiredHoldAmount": 5000,
        "status": "Draft",
        "supplierId": 1,
        "supplierOrderNumber": "2335839",
        "updatedAt": 1758792540327
      },
      {
        "agreedPrice": 2832.0,
        "airportMode": false,
        "branchId": 6,
        "carTypeId": 1,
        "carTypeName": "פיקנטו או דומה",
        "commissionPercentUsed": 0.07,
        "createdAt": 1758453621705,
        "customerId": 35,
        "dateFrom": 1758783600000,
        "dateTo": 1761465600000,
        "id": 33,
        "includeVat": true,
        "isClosed": false,
        "isQuote": false,
        "kmIncluded": 2500,
        "periodTypeDays": 30,
        "requiredHoldAmount": 2000,
        "status": "Draft",
        "supplierId": 5,
        "supplierOrderNumber": "3029230",
        "updatedAt": 1758455152619
      },
      {
        "agreedPrice": 429.0,
        "airportMode": false,
        "branchId": 5,
        "carTypeId": 1,
        "carTypeName": "פיקנטו או דומה",
        "commissionPercentUsed": 0.15,
        "createdAt": 1758522032385,
        "customerId": 37,
        "dateFrom": 1758524400000,
        "dateTo": 1758783600000,
        "id": 35,
        "includeVat": true,
        "isClosed": false,
        "isQuote": false,
        "kmIncluded": 750,
        "periodTypeDays": 1,
        "requiredHoldAmount": 2000,
        "status": "Draft",
        "supplierId": 5,
        "supplierOrderNumber": "3029599",
        "updatedAt": 1758522291643
      },
      {
        "agreedPrice": 427.0,
        "airportMode": false,
        "branchId": 30,
        "carTypeId": 1,
        "carTypeName": "פיקנטו או דומה",
        "commissionPercentUsed": 0.15,
        "createdAt": 1758457156182,
        "customerId": 36,
        "dateFrom": 1758519000000,
        "dateTo": 1758778200000,
        "id": 34,
        "includeVat": true,
        "isClosed": false,
        "isQuote": false,
        "kmIncluded": 750,
        "periodTypeDays": 1,
        "requiredHoldAmount": 4000,
        "status": "Draft",
        "supplierId": 16,
        "supplierOrderNumber": "1768217",
        "updatedAt": 1758457691017
      },
      {
        "agreedPrice": 3300.0,
        "airportMode": false,
        "branchId": 15,
        "carTypeId": 1,
        "carTypeName": "יונדאי איי 10",
        "commissionPercentUsed": 0.07,
        "createdAt": 1758447985908,
        "customerId": 33,
        "dateFrom": 1758452400000,
        "dateTo": 1761044400000,
        "id": 31,
        "includeVat": true,
        "isClosed": false,
        "isQuote": false,
        "kmIncluded": 3500,
        "notes": "בקשה ספציפי איי 10",
        "periodTypeDays": 30,
        "requiredHoldAmount": 5000,
        "status": "Cancelled",
        "supplierId": 1,
        "updatedAt": 1758453491092
      },
      {
        "agreedPrice": 3100.0,
        "airportMode": false,
        "branchId": 29,
        "carTypeId": 1,
        "carTypeName": "פיקנטו או דומה",
        "commissionPercentUsed": 0.07,
        "createdAt": 1758351404938,
        "customerId": 32,
        "dateFrom": 1758265200000,
        "dateTo": 1760857200000,
        "id": 30,
        "includeVat": true,
        "isClosed": false,
        "isQuote": false,
        "kmIncluded": 3500,
        "periodTypeDays": 30,
        "requiredHoldAmount": 2000,
        "status": "Draft",
        "supplierId": 16,
        "updatedAt": 1758351478053
      },
      {
        "agreedPrice": 2832.0,
        "airportMode": false,
        "branchId": 5,
        "carTypeId": 1,
        "carTypeName": "קיה פיקנטו או דומה",
        "createdAt": 1758087338723,
        "customerId": 30,
        "dateFrom": 1758178800000,
        "dateTo": 1766044800000,
        "id": 28,
        "includeVat": true,
        "isClosed": false,
        "isQuote": false,
        "kmIncluded": 3000,
        "notes": "מבקש 3,000 ק\"מ לחודש",
        "periodTypeDays": 30,
        "requiredHoldAmount": 2000,
        "status": "Draft",
        "supplierId": 5,
        "supplierOrderNumber": "3026452",
        "updatedAt": 1758088361292
      },
      {
        "agreedPrice": 1045.0,
        "airportMode": false,
        "branchId": 28,
        "carTypeId": 1,
        "carTypeName": "פיקנטו או דומה",
        "createdAt": 1758011679172,
        "customerId": 28,
        "dateFrom": 1758106800000,
        "dateTo": 1758538800000,
        "id": 26,
        "includeVat": true,
        "isClosed": false,
        "isQuote": false,
        "kmIncluded": 1000,
        "periodTypeDays": 1,
        "requiredHoldAmount": 4500,
        "status": "Cancelled",
        "supplierId": 16,
        "updatedAt": 1758356771533
      },
      {
        "agreedPrice": 340.0,
        "airportMode": false,
        "branchId": 4,
        "carTypeId": 1,
        "carTypeName": "מאזדה 2 או דומה",
        "createdAt": 1758005385590,
        "customerId": 27,
        "dateFrom": 1758006000000,
        "dateTo": 1758178800000,
        "id": 25,
        "includeVat": true,
        "isClosed": false,
        "isQuote": false,
        "kmIncluded": 500,
        "periodTypeDays": 1,
        "requiredHoldAmount": 4500,
        "status": "Draft",
        "supplierId": 1,
        "supplierOrderNumber": "2335274",
        "updatedAt": 1758006001426
      },
      {
        "agreedPrice": 3890.0,
        "airportMode": false,
        "branchId": 6,
        "carTypeId": 1,
        "carTypeName": "מאזדה cx3 או דומה",
        "createdAt": 1757849931221,
        "customerId": 26,
        "dateFrom": 1757919600000,
        "dateTo": 1760511600000,
        "id": 24,
        "includeVat": true,
        "isClosed": false,
        "isQuote": false,
        "kmIncluded": 3500,
        "periodTypeDays": 30,
        "requiredHoldAmount": 2000,
        "status": "Draft",
        "supplierId": 5,
        "supplierOrderNumber": "3024546",
        "updatedAt": 1757850698527
      },
      {
        "agreedPrice": 6500.0,
        "airportMode": false,
        "branchId": 2,
        "carTypeId": 1,
        "carTypeName": "פיג\u0027ו 5008",
        "createdAt": 1757230029295,
        "customerId": 11,
        "dateFrom": 1757833200000,
        "dateTo": 1760425200000,
        "id": 11,
        "includeVat": true,
        "isClosed": false,
        "isQuote": false,
        "kmIncluded": 3500,
        "notes": "4580100724885593 \n11/28\n385",
        "periodTypeDays": 30,
        "requiredHoldAmount": 2000,
        "status": "Draft",
        "supplierId": 3,
        "updatedAt": 1757232515613
      },
      {
        "agreedPrice": 2550.0,
        "airportMode": false,
        "branchId": 6,
        "carTypeId": 1,
        "carTypeName": "קיה פיקנטו או דומה",
        "createdAt": 1757505358588,
        "customerId": 22,
        "dateFrom": 1757833200000,
        "dateTo": 1759647600000,
        "id": 20,
        "includeVat": true,
        "isClosed": false,
        "isQuote": false,
        "kmIncluded": 2500,
        "periodTypeDays": 7,
        "requiredHoldAmount": 2000,
        "status": "Draft",
        "supplierId": 5,
        "supplierOrderNumber": "3022726",
        "updatedAt": 1757573805280
      },
      {
        "agreedPrice": 2714.0,
        "airportMode": false,
        "branchId": 5,
        "carTypeId": 1,
        "carTypeName": "027919737",
        "createdAt": 1757661983059,
        "customerId": 24,
        "dateFrom": 1757833200000,
        "dateTo": 1760425200000,
        "id": 22,
        "includeVat": true,
        "isClosed": false,
        "isQuote": false,
        "kmIncluded": 1500,
        "periodTypeDays": 30,
        "requiredHoldAmount": 2000,
        "status": "Draft",
        "supplierId": 5,
        "supplierOrderNumber": "3024027",
        "updatedAt": 1757827389589
      },
      {
        "agreedPrice": 1250.0,
        "airportMode": false,
        "branchId": 5,
        "carTypeId": 1,
        "carTypeName": "פיקנטו או דומה",
        "createdAt": 1757838621197,
        "customerId": 25,
        "dateFrom": 1757833200000,
        "dateTo": 1758438000000,
        "id": 23,
        "includeVat": true,
        "isClosed": false,
        "isQuote": false,
        "kmIncluded": 1400,
        "notes": "המחיר כולל ביטול השתתפות עצמית",
        "periodTypeDays": 7,
        "requiredHoldAmount": 4500,
        "status": "Draft",
        "supplierId": 5,
        "updatedAt": 1757838775259
      },
      {
        "agreedPrice": 850.0,
        "airportMode": false,
        "branchId": 6,
        "carTypeId": 1,
        "carTypeName": "פיקנטו או דומה",
        "createdAt": 1757570933479,
        "customerId": 23,
        "dateFrom": 1757660400000,
        "dateTo": 1758265200000,
        "id": 21,
        "includeVat": true,
        "isClosed": false,
        "isQuote": false,
        "kmIncluded": 1400,
        "periodTypeDays": 7,
        "requiredHoldAmount": 2000,
        "status": "Draft",
        "supplierId": 5,
        "supplierOrderNumber": "3022782",
        "updatedAt": 1757571760297
      },
      {
        "agreedPrice": 2400.0,
        "airportMode": false,
        "branchId": 5,
        "carTypeId": 1,
        "carTypeName": "פיקנטו או דומה",
        "createdAt": 1756892659927,
        "customerId": 7,
        "dateFrom": 1757592000000,
        "dateTo": 1760184000000,
        "id": 7,
        "includeVat": false,
        "isClosed": false,
        "isQuote": false,
        "kmIncluded": 2500,
        "notes": "איסוף מנתב\"ג במונית",
        "periodTypeDays": 30,
        "requiredHoldAmount": 2000,
        "status": "Draft",
        "supplierId": 5,
        "supplierOrderNumber": "3012896",
        "updatedAt": 1757328384739
      },
      {
        "agreedPrice": 552.0,
        "airportMode": false,
        "branchId": 5,
        "carTypeId": 1,
        "carTypeName": "פיקנטו או דומה",
        "createdAt": 1757491876125,
        "customerId": 21,
        "dateFrom": 1757588400000,
        "dateTo": 1757847600000,
        "id": 19,
        "includeVat": true,
        "isClosed": false,
        "isQuote": false,
        "kmIncluded": 750,
        "notes": "כולל ביטול השתתפות עצמית",
        "periodTypeDays": 1,
        "requiredHoldAmount": 2000,
        "status": "Draft",
        "supplierId": 5,
        "supplierOrderNumber": "3022277",
        "updatedAt": 1757492499175
      },
      {
        "agreedPrice": 2714.0,
        "airportMode": false,
        "branchId": 6,
        "carTypeId": 1,
        "carTypeName": "פיקנטו או דומה",
        "createdAt": 1757066839538,
        "customerId": 10,
        "dateFrom": 1757484000000,
        "dateTo": 1760076000000,
        "id": 10,
        "includeVat": true,
        "isClosed": false,
        "isQuote": false,
        "kmIncluded": 1500,
        "periodTypeDays": 30,
        "requiredHoldAmount": 2000,
        "status": "Draft",
        "supplierId": 5,
        "supplierOrderNumber": "3019755",
        "updatedAt": 1757397063714
      },
      {
        "agreedPrice": 3300.0,
        "airportMode": false,
        "branchId": 18,
        "carTypeId": 1,
        "carTypeName": "101",
        "createdAt": 1757415883336,
        "customerId": 20,
        "dateFrom": 1757419200000,
        "dateTo": 1760011200000,
        "id": 18,
        "includeVat": true,
        "isClosed": false,
        "isQuote": false,
        "kmIncluded": 3500,
        "periodTypeDays": 30,
        "requiredHoldAmount": 4500,
        "status": "Draft",
        "supplierId": 1,
        "updatedAt": 1757415883336
      },
      {
        "agreedPrice": 3450.0,
        "airportMode": false,
        "branchId": 14,
        "carTypeId": 1,
        "carTypeName": "מאזדה 2 או דומה",
        "createdAt": 1757326616913,
        "customerId": 17,
        "dateFrom": 1757401200000,
        "dateTo": 1759993200000,
        "id": 15,
        "includeVat": true,
        "isClosed": false,
        "isQuote": false,
        "kmIncluded": 3500,
        "periodTypeDays": 30,
        "requiredHoldAmount": 4500,
        "status": "Draft",
        "supplierId": 1,
        "supplierOrderNumber": "2334549",
        "updatedAt": 1757404579234
      },
      {
        "agreedPrice": 3680.0,
        "airportMode": false,
        "branchId": 3,
        "carTypeId": 1,
        "carTypeName": "מאזדה 2 או דומה",
        "createdAt": 1757246466746,
        "customerId": 15,
        "dateFrom": 1757397600000,
        "dateTo": 1759989600000,
        "id": 13,
        "includeVat": true,
        "isClosed": false,
        "isQuote": false,
        "kmIncluded": 3500,
        "periodTypeDays": 30,
        "requiredHoldAmount": 4500,
        "status": "Draft",
        "supplierId": 3,
        "updatedAt": 1757246499263
      },
      {
        "agreedPrice": 1000.0,
        "airportMode": false,
        "branchId": 1,
        "carTypeId": 1,
        "carTypeName": "114",
        "createdAt": 1757336411992,
        "customerId": 19,
        "dateFrom": 1757336400000,
        "dateTo": 1757509200000,
        "id": 17,
        "includeVat": true,
        "isClosed": false,
        "isQuote": false,
        "kmIncluded": 500,
        "periodTypeDays": 1,
        "requiredHoldAmount": 6000,
        "status": "Cancelled",
        "supplierId": 1,
        "updatedAt": 1757360089222
      },
      {
        "agreedPrice": 2832.0,
        "airportMode": false,
        "branchId": 5,
        "carTypeId": 1,
        "carTypeName": "יונדאי איי 10 או דומה",
        "createdAt": 1757314080637,
        "customerId": 16,
        "dateFrom": 1757322000000,
        "dateTo": 1759914000000,
        "id": 14,
        "includeVat": true,
        "isClosed": false,
        "isQuote": false,
        "kmIncluded": 2500,
        "periodTypeDays": 30,
        "requiredHoldAmount": 2000,
        "status": "Draft",
        "supplierId": 5,
        "supplierOrderNumber": "3020752",
        "updatedAt": 1757314772347
      },
      {
        "agreedPrice": 2832.0,
        "airportMode": false,
        "branchId": 6,
        "carTypeId": 1,
        "carTypeName": "פיקנטו או דומה",
        "createdAt": 1757330771018,
        "customerId": 18,
        "dateFrom": 1757314800000,
        "dateTo": 1760079600000,
        "id": 16,
        "includeVat": true,
        "isClosed": false,
        "isQuote": false,
        "kmIncluded": 2500,
        "periodTypeDays": 30,
        "requiredHoldAmount": 2000,
        "status": "Draft",
        "supplierId": 5,
        "supplierOrderNumber": "3021065",
        "updatedAt": 1757331120480
      },
      {
        "agreedPrice": 2832.0,
        "airportMode": false,
        "branchId": 5,
        "carTypeId": 1,
        "carTypeName": "איי 10 או דומה",
        "createdAt": 1757236333445,
        "customerId": 12,
        "dateFrom": 1757239200000,
        "dateTo": 1759831200000,
        "id": 12,
        "includeVat": true,
        "isClosed": false,
        "isQuote": false,
        "kmIncluded": 2500,
        "periodTypeDays": 30,
        "requiredHoldAmount": 2000,
        "status": "Draft",
        "supplierId": 5,
        "supplierOrderNumber": "3020144",
        "updatedAt": 1757238971475
      },
      {
        "agreedPrice": 2832.0,
        "airportMode": false,
        "branchId": 5,
        "carTypeId": 1,
        "carTypeName": "פיקנטו",
        "createdAt": 1756710590728,
        "customerId": 3,
        "dateFrom": 1757224800000,
        "dateTo": 1759816800000,
        "id": 3,
        "includeVat": true,
        "isClosed": false,
        "isQuote": false,
        "kmIncluded": 2500,
        "periodTypeDays": 30,
        "requiredHoldAmount": 2000,
        "status": "Draft",
        "supplierId": 5,
        "supplierOrderNumber": "3016163",
        "updatedAt": 1757173447038
      },
      {
        "agreedPrice": 2832.0,
        "airportMode": false,
        "branchId": 5,
        "carTypeId": 1,
        "carTypeName": "פיקנטו או דומה",
        "createdAt": 1756879163276,
        "customerId": 6,
        "dateFrom": 1757048400000,
        "dateTo": 1759640400000,
        "id": 6,
        "includeVat": true,
        "isClosed": false,
        "isQuote": false,
        "kmIncluded": 2500,
        "periodTypeDays": 1,
        "requiredHoldAmount": 2000,
        "status": "Draft",
        "supplierId": 5,
        "supplierOrderNumber": "3014562",
        "updatedAt": 1756879163276
      },
      {
        "agreedPrice": 2714.0,
        "airportMode": false,
        "branchId": 5,
        "carTypeId": 1,
        "carTypeName": "פיקנטו או דומה",
        "createdAt": 1756748950473,
        "customerId": 4,
        "dateFrom": 1756814400000,
        "dateTo": 1759406400000,
        "id": 4,
        "includeVat": true,
        "isClosed": false,
        "isQuote": false,
        "kmIncluded": 1500,
        "periodTypeDays": 1,
        "requiredHoldAmount": 2000,
        "status": "Draft",
        "supplierId": 5,
        "supplierOrderNumber": "3016826",
        "updatedAt": 1756892437194
      },
      {
        "agreedPrice": 429.0,
        "airportMode": false,
        "branchId": 5,
        "carTypeId": 1,
        "carTypeName": "פיקנטו או דומה",
        "createdAt": 1756799567684,
        "customerId": 5,
        "dateFrom": 1756814400000,
        "dateTo": 1757073600000,
        "id": 5,
        "includeVat": true,
        "isClosed": false,
        "isQuote": false,
        "kmIncluded": 750,
        "periodTypeDays": 1,
        "requiredHoldAmount": 2000,
        "status": "Cancelled",
        "supplierId": 4,
        "supplierOrderNumber": "3017018",
        "updatedAt": 1756878629353
      },
      {
        "agreedPrice": 3100.0,
        "airportMode": false,
        "branchId": 2,
        "carTypeId": 1,
        "carTypeName": "ספייס סטאר או דומה",
        "createdAt": 1756648595971,
        "customerId": 2,
        "dateFrom": 1756627200000,
        "dateTo": 1759219200000,
        "id": 2,
        "includeVat": true,
        "isClosed": false,
        "isQuote": false,
        "kmIncluded": 3500,
        "notes": "נהג צעיר 170",
        "periodTypeDays": 30,
        "requiredHoldAmount": 4000,
        "status": "Draft",
        "supplierId": 3,
        "updatedAt": 1757234877000
      },
      {
        "agreedPrice": 6500.0,
        "airportMode": false,
        "branchId": 1,
        "carTypeId": 1,
        "carTypeName": "קודיאק או דומה",
        "createdAt": 1756648118909,
        "customerId": 1,
        "dateFrom": 1756605600000,
        "dateTo": 1759197600000,
        "id": 1,
        "includeVat": true,
        "isClosed": false,
        "isQuote": false,
        "kmIncluded": 3500,
        "periodTypeDays": 30,
        "requiredHoldAmount": 7000,
        "status": "Draft",
        "supplierId": 1,
        "supplierOrderNumber": "2333524",
        "updatedAt": 1757234897046
      },
      {
        "agreedPrice": 5310.0,
        "airportMode": false,
        "branchId": 8,
        "carTypeId": 1,
        "carTypeName": "אופל גרנלנדר",
        "createdAt": 1756907062608,
        "customerId": 8,
        "dateFrom": 1756018800000,
        "dateTo": 1758697200000,
        "id": 8,
        "includeVat": true,
        "isClosed": false,
        "isQuote": false,
        "kmIncluded": 3500,
        "periodTypeDays": 1,
        "requiredHoldAmount": 6000,
        "status": "Draft",
        "supplierId": 9,
        "supplierOrderNumber": "2178513",
        "updatedAt": 1756907797141
      },
      {
        "agreedPrice": 4484.0,
        "airportMode": false,
        "branchId": 8,
        "carTypeId": 1,
        "carTypeName": "יונדאי באיון",
        "createdAt": 1756907234196,
        "customerId": 9,
        "dateFrom": 1754809200000,
        "dateTo": 1757401200000,
        "id": 9,
        "includeVat": true,
        "isClosed": false,
        "isQuote": false,
        "kmIncluded": 3500,
        "periodTypeDays": 30,
        "requiredHoldAmount": 5000,
        "status": "Draft",
        "supplierId": 9,
        "supplierOrderNumber": "2177997",
        "updatedAt": 1757234907395
      }
    ],
    "payments": [],
    "commissionRules": [],
    "cardStubs": [
      {
        "brand": "CARD",
        "holderFirstName": "עומר",
        "holderLastName": "בוברבסקי",
        "holderTz": "042340505",
        "id": 68,
        "last4": "",
        "reservationId": 27
      },
      {
        "brand": "CARD",
        "holderFirstName": "נפתלי",
        "holderLastName": "בלומשטיין",
        "holderTz": "022545594",
        "id": 89,
        "last4": "",
        "reservationId": 42
      },
      {
        "brand": "CARD",
        "holderFirstName": "אילן",
        "holderLastName": "אורנשטיין",
        "holderTz": "051736718",
        "id": 75,
        "last4": "",
        "reservationId": 32
      },
      {
        "brand": "CARD",
        "holderFirstName": "אלדד",
        "holderLastName": "בן אהרון",
        "holderTz": "036503795",
        "id": 92,
        "last4": "",
        "reservationId": 45
      },
      {
        "brand": "CARD",
        "holderFirstName": "חסן",
        "holderLastName": "טאהא",
        "holderTz": "208954842",
        "id": 82,
        "last4": "",
        "reservationId": 39
      },
      {
        "brand": "CARD",
        "holderFirstName": "בנימין",
        "holderLastName": "רביד",
        "holderTz": "055903330",
        "id": 88,
        "last4": "",
        "reservationId": 43
      },
      {
        "brand": "CARD",
        "holderFirstName": "עידן",
        "holderLastName": "מושקטל",
        "holderTz": "033960394",
        "id": 90,
        "last4": "",
        "reservationId": 44
      },
      {
        "brand": "CARD",
        "holderFirstName": "דנה",
        "holderLastName": "טאוויל",
        "holderTz": "A53697102",
        "id": 70,
        "last4": "",
        "reservationId": 29
      },
      {
        "brand": "CARD",
        "holderFirstName": "כרמלה",
        "holderLastName": "דיין",
        "holderTz": "23934870",
        "id": 84,
        "last4": "",
        "reservationId": 40
      },
      {
        "brand": "CARD",
        "holderFirstName": "אברהם",
        "holderLastName": "אילייאיץ",
        "holderTz": "306698721",
        "id": 86,
        "last4": "",
        "reservationId": 41
      },
      {
        "brand": "CARD",
        "holderFirstName": "אורי",
        "holderLastName": "כנפי",
        "holderTz": "323049585",
        "id": 80,
        "last4": "",
        "reservationId": 37
      },
      {
        "brand": "CARD",
        "holderFirstName": "מנשה ",
        "holderLastName": "הפנר",
        "holderTz": "311524235",
        "id": 81,
        "last4": "",
        "reservationId": 38
      },
      {
        "brand": "CARD",
        "holderFirstName": "פואד",
        "holderLastName": "סלימאן",
        "holderTz": "059461095",
        "id": 78,
        "last4": "",
        "reservationId": 36
      },
      {
        "brand": "CARD",
        "holderFirstName": "שווג",
        "holderLastName": "מראד",
        "holderTz": "023414402",
        "id": 72,
        "last4": "",
        "reservationId": 33
      },
      {
        "brand": "CARD",
        "holderFirstName": "ליאור",
        "holderLastName": "חליבה",
        "holderTz": "203704341",
        "id": 76,
        "last4": "",
        "reservationId": 35
      },
      {
        "brand": "CARD",
        "holderFirstName": "איתי",
        "holderLastName": "שילוח",
        "holderTz": "1768217",
        "id": 74,
        "last4": "",
        "reservationId": 34
      },
      {
        "brand": "CARD",
        "holderFirstName": "סמי",
        "holderLastName": "דוד",
        "holderTz": "2107482",
        "id": 61,
        "last4": "",
        "reservationId": 30
      },
      {
        "brand": "CARD",
        "holderFirstName": "יצחק",
        "holderLastName": "לוי",
        "holderTz": "024808693",
        "id": 60,
        "last4": "",
        "reservationId": 28
      },
      {
        "brand": "CARD",
        "holderFirstName": "נטלי",
        "holderLastName": "קרביץ שגב",
        "holderTz": "029276763",
        "id": 57,
        "last4": "",
        "reservationId": 25
      },
      {
        "brand": "CARD",
        "holderFirstName": "אריאלה",
        "holderLastName": "שיבט",
        "holderTz": "22326714",
        "id": 56,
        "last4": "",
        "reservationId": 24
      },
      {
        "brand": "CARD",
        "id": 24,
        "last4": "",
        "reservationId": 11
      },
      {
        "brand": "CARD",
        "holderFirstName": "איתי",
        "holderLastName": "ויסוצקי",
        "holderTz": "032121782",
        "id": 53,
        "last4": "",
        "reservationId": 20
      },
      {
        "brand": "CARD",
        "holderFirstName": "אורן",
        "holderLastName": "בן פורת",
        "holderTz": "027919737",
        "id": 54,
        "last4": "",
        "reservationId": 22
      },
      {
        "brand": "CARD",
        "holderFirstName": "ברכה",
        "holderLastName": "וייס",
        "holderTz": "040682833",
        "id": 55,
        "last4": "",
        "reservationId": 23
      },
      {
        "brand": "CARD",
        "holderFirstName": "מרדכי",
        "holderLastName": "כהן",
        "holderTz": "200657005",
        "id": 52,
        "last4": "",
        "reservationId": 21
      },
      {
        "brand": "CARD",
        "holderFirstName": "Chaim",
        "holderLastName": "Schipper",
        "id": 38,
        "last4": "",
        "reservationId": 7
      },
      {
        "brand": "CARD",
        "holderFirstName": "תאיר",
        "holderLastName": "חביבאללה",
        "holderTz": "311482152",
        "id": 49,
        "last4": "",
        "reservationId": 19
      },
      {
        "brand": "CARD",
        "holderFirstName": "מגי",
        "holderLastName": "רון",
        "holderTz": "306988114",
        "id": 44,
        "last4": "",
        "reservationId": 10
      },
      {
        "brand": "CARD",
        "holderFirstName": "יעל",
        "holderLastName": "כהן",
        "holderTz": "29675626",
        "id": 46,
        "last4": "",
        "reservationId": 15
      },
      {
        "brand": "CARD",
        "holderFirstName": "מאור ",
        "holderLastName": "בנימין",
        "id": 33,
        "last4": "",
        "reservationId": 13
      },
      {
        "brand": "CARD",
        "holderFirstName": "אלכסנדר",
        "holderLastName": "יעקובלב",
        "holderTz": "321320277",
        "id": 43,
        "last4": "",
        "reservationId": 17
      },
      {
        "brand": "CARD",
        "holderFirstName": "אבי",
        "holderLastName": "כהן",
        "holderTz": "034215988",
        "id": 36,
        "last4": "",
        "reservationId": 14
      },
      {
        "brand": "CARD",
        "holderFirstName": "יהודית ",
        "holderLastName": "אלבז",
        "holderTz": "59092148",
        "id": 41,
        "last4": "",
        "reservationId": 16
      },
      {
        "brand": "CARD",
        "id": 32,
        "last4": "",
        "reservationId": 12
      },
      {
        "brand": "CARD",
        "id": 17,
        "last4": "",
        "reservationId": 3
      },
      {
        "brand": "CARD",
        "holderFirstName": "רחל",
        "holderLastName": "בסון",
        "holderTz": "039035563",
        "id": 2,
        "last4": "",
        "reservationId": 4
      },
      {
        "brand": "CARD",
        "holderFirstName": "יוסף",
        "holderLastName": "פדלי",
        "holderTz": "058579582",
        "id": 1,
        "last4": "",
        "reservationId": 5
      },
      {
        "brand": "CARD",
        "holderFirstName": "ג\u0027ואל",
        "holderLastName": "סיוסה",
        "id": 25,
        "last4": "",
        "reservationId": 2
      },
      {
        "brand": "CARD",
        "holderFirstName": "משה ",
        "holderLastName": "חביב",
        "holderTz": "038735874",
        "id": 26,
        "last4": "",
        "reservationId": 1
      },
      {
        "brand": "CARD",
        "holderFirstName": "עלה",
        "holderLastName": "אבו ריא",
        "holderTz": "040248221",
        "id": 6,
        "last4": "",
        "reservationId": 8
      },
      {
        "brand": "CARD",
        "holderFirstName": "נגיב",
        "holderLastName": "אבו ריא",
        "holderTz": "033928300",
        "id": 27,
        "last4": "",
        "reservationId": 9
      }
    ],
    "requests": [
      {
        "carTypeName": "ספורטאז\u0027 2014",
        "createdAt": 1760021931220,
        "firstName": "מוטי ואסתר",
        "id": 32,
        "isPurchase": false,
        "isQuote": false,
        "lastName": "מיכאל",
        "phone": "0504063713"
      },
      {
        "carTypeName": "אלנטרה 2019",
        "createdAt": 1759648722318,
        "firstName": "אלכס",
        "id": 29,
        "isPurchase": true,
        "isQuote": false,
        "lastName": "סטריפצק",
        "phone": "0507376833"
      },
      {
        "carTypeName": "קופרה",
        "createdAt": 1759219449628,
        "firstName": "תומר",
        "id": 28,
        "isPurchase": false,
        "isQuote": false,
        "lastName": "לביא",
        "phone": "0506271046"
      },
      {
        "carTypeName": "אאוטלאנדר 20",
        "createdAt": 1759215965524,
        "firstName": "אברה",
        "id": 27,
        "isPurchase": true,
        "isQuote": false,
        "lastName": "אברה",
        "phone": "0542898614"
      },
      {
        "carTypeName": "טסלה",
        "createdAt": 1758796107098,
        "firstName": "עומרי",
        "id": 25,
        "isPurchase": true,
        "isQuote": false,
        "lastName": "וורוטיצקי",
        "phone": "0505705054"
      },
      {
        "carTypeName": "פיקנטו או דומה תקציב 40,000",
        "createdAt": 1758788651678,
        "firstName": "יוסי",
        "id": 24,
        "isPurchase": true,
        "isQuote": false,
        "lastName": "הראל",
        "phone": "0502857793"
      },
      {
        "carTypeName": "באיון 22 לבנה",
        "createdAt": 1758532136437,
        "firstName": "מוטי",
        "id": 23,
        "isPurchase": true,
        "isQuote": false,
        "lastName": "אזולאי",
        "phone": "0529243289"
      },
      {
        "carTypeName": "טיגואן",
        "createdAt": 1758206473308,
        "firstName": "יונית ורומן",
        "id": 22,
        "isPurchase": true,
        "isQuote": false,
        "lastName": "גרינברג",
        "phone": "0526298956"
      },
      {
        "carTypeName": "מיצובישי asx",
        "createdAt": 1758191620519,
        "firstName": "גדעון",
        "id": 21,
        "isPurchase": false,
        "isQuote": false,
        "lastName": "פנרי",
        "phone": "0544700685"
      },
      {
        "carTypeName": "ספורטאז\u0027 2022",
        "createdAt": 1758087806815,
        "firstName": "בר",
        "id": 20,
        "isPurchase": true,
        "isQuote": false,
        "lastName": "בר",
        "phone": "0503387799"
      },
      {
        "carTypeName": "ג\u0027יפון סביב 50,000 ₪ יפני קוראני נתתי פרטים על ג\u0027וק וספורטאז\u0027",
        "createdAt": 1758029290417,
        "firstName": "אביבית",
        "id": 19,
        "isPurchase": true,
        "isQuote": false,
        "lastName": "בר אור",
        "phone": "0505578785"
      },
      {
        "carTypeName": "פיקנטו או דומה",
        "createdAt": 1758003059243,
        "firstName": "עידן",
        "id": 18,
        "isPurchase": false,
        "isQuote": true,
        "lastName": "זהר",
        "phone": "054566097"
      },
      {
        "carTypeName": "סונטה 22 ומעלה סאן רוף",
        "createdAt": 1757935537884,
        "firstName": "ילנה",
        "id": 17,
        "isPurchase": false,
        "isQuote": false,
        "lastName": "ילנה",
        "phone": "0546302147"
      },
      {
        "carTypeName": "אאודי TT",
        "createdAt": 1757926572605,
        "firstName": "נהוראי",
        "id": 16,
        "isPurchase": true,
        "isQuote": false,
        "lastName": "פריינטה",
        "phone": "0547111638"
      },
      {
        "carTypeName": "טיגואן",
        "createdAt": 1757920900940,
        "firstName": "ניר",
        "id": 15,
        "isPurchase": false,
        "isQuote": false,
        "lastName": "כסליו",
        "phone": "0526766765"
      },
      {
        "carTypeName": "מיצובישי asx או דומה ",
        "createdAt": 1757853592479,
        "firstName": "מיתר",
        "id": 14,
        "isPurchase": true,
        "isQuote": false,
        "lastName": "מישלי",
        "phone": "0509277791"
      },
      {
        "carTypeName": "מאזדה 2 או דולפין",
        "createdAt": 1757834096009,
        "firstName": "רון",
        "id": 13,
        "isPurchase": true,
        "isQuote": false,
        "lastName": "רון",
        "phone": "0505678034"
      },
      {
        "carTypeName": "אאוטלאנדר 2020",
        "createdAt": 1757832167550,
        "firstName": "עידו",
        "id": 12,
        "isPurchase": true,
        "isQuote": false,
        "lastName": "עידו",
        "phone": "0526309033"
      },
      {
        "carTypeName": "מאזדה 3",
        "createdAt": 1757676144550,
        "firstName": "תומר",
        "id": 11,
        "isPurchase": true,
        "isQuote": false,
        "lastName": "תומר",
        "phone": "0507327733"
      },
      {
        "carTypeName": "מאזדה cx3 או chr",
        "createdAt": 1757671433335,
        "firstName": "אבי",
        "id": 10,
        "isPurchase": true,
        "isQuote": false,
        "lastName": "צרוש",
        "phone": "0529453849"
      },
      {
        "carTypeName": "027919737",
        "createdAt": 1757661893194,
        "firstName": "אורן",
        "id": 8,
        "isPurchase": false,
        "isQuote": false,
        "lastName": "בן פורת",
        "phone": "+972 52-556-4095"
      },
      {
        "carTypeName": "קונה או chr",
        "createdAt": 1757659835369,
        "firstName": "הראל",
        "id": 7,
        "isPurchase": false,
        "isQuote": false,
        "lastName": "בר דוד",
        "phone": "0507712153"
      },
      {
        "carTypeName": "אאודי TT",
        "createdAt": 1757600726109,
        "firstName": "לילך",
        "id": 6,
        "isPurchase": true,
        "isQuote": false,
        "lastName": "לילך",
        "phone": "0525000616"
      },
      {
        "carTypeName": "עד 65,000 ₪",
        "createdAt": 1757432042975,
        "firstName": "תומר ",
        "id": 3,
        "isPurchase": true,
        "isQuote": false,
        "lastName": "מוריד",
        "phone": "0533313398"
      },
      {
        "carTypeName": "ספורטאז 2016",
        "createdAt": 1757432034432,
        "firstName": "יאיר",
        "id": 4,
        "isPurchase": true,
        "isQuote": false,
        "lastName": "יאיר",
        "phone": "0508230606"
      }
    ],
    "carSales": [
      {
        "carTypeName": "יונדאי טוסון 2018",
        "commissionPrice": 1000.0,
        "createdAt": 1760017004737,
        "firstName": "אלי",
        "id": 7,
        "lastName": "זמיר",
        "phone": "0548887639",
        "saleDate": 1760016990655,
        "salePrice": 69000.0,
        "updatedAt": 1760017004737
      },
      {
        "carTypeName": "ספורטאז\u0027 2017",
        "commissionPrice": 1000.0,
        "createdAt": 1759734924151,
        "firstName": "ניר",
        "id": 6,
        "lastName": "בדסר",
        "phone": "0506844202",
        "saleDate": 1759734910001,
        "salePrice": 55000.0,
        "updatedAt": 1759734924151
      },
      {
        "carTypeName": "אאוטלאנד 2019",
        "commissionPrice": 1000.0,
        "createdAt": 1759603706531,
        "firstName": "לידור",
        "id": 5,
        "lastName": "סעד",
        "phone": "0546554774",
        "saleDate": 1758834000000,
        "salePrice": 97000.0,
        "updatedAt": 1759603706531
      },
      {
        "carTypeName": "יונדאי באיון",
        "commissionPrice": 1000.0,
        "createdAt": 1757667156683,
        "firstName": "ליאור",
        "id": 4,
        "lastName": "יצחק",
        "phone": "",
        "saleDate": 1757667140193,
        "salePrice": 97000.0,
        "updatedAt": 1757667156683
      },
      {
        "carTypeName": "קיה סלטוס",
        "commissionPrice": 1000.0,
        "createdAt": 1757664278372,
        "firstName": "רותי",
        "id": 3,
        "lastName": "עבדי",
        "notes": "החלפה מיצובישי asx",
        "phone": "",
        "saleDate": 1757664232186,
        "salePrice": 67500.0,
        "updatedAt": 1757664278372
      },
      {
        "carTypeName": "יונדאי סונטה",
        "commissionPrice": 1000.0,
        "createdAt": 1757416801777,
        "firstName": "רואן",
        "id": 2,
        "lastName": "אבו מוח",
        "phone": "",
        "saleDate": 1757416785899,
        "salePrice": 124000.0,
        "updatedAt": 1757416801777
      },
      {
        "carTypeName": "ניסן מיקרה",
        "commissionPrice": 1000.0,
        "createdAt": 1757416526279,
        "firstName": "אבירם",
        "id": 1,
        "lastName": "כץ",
        "phone": "",
        "saleDate": 1757416509743,
        "salePrice": 66000.0,
        "updatedAt": 1757416526279
      }
    ]
  }
}