{
  "version": 1,
  "brandId": "toyota",
  "brandEn": "Toyota",
  "brandHe": "טויוטה",
  "generatedAt": "2025-11-30",
  "models": [
    {
      "modelId": "toyota:corolla",
      "modelEn": "Corolla",
      "modelHe": "קורולה"
    },
    {
      "modelId": "toyota:yaris",
      "modelEn": "Yaris",
      "modelHe": "יאריס"
    },
    {
      "modelId": "toyota:auris",
      "modelEn": "Auris",
      "modelHe": "אוריס"
    },
    {
      "modelId": "toyota:avensis",
      "modelEn": "Avensis",
      "modelHe": "אוונסיס"
    },
    {
      "modelId": "toyota:camry",
      "modelEn": "Camry",
      "modelHe": "קאמרי"
    },
    {
      "modelId": "toyota:prius",
      "modelEn": "Prius",
      "modelHe": "פריוס"
    },
    {
      "modelId": "toyota:c-hr",
      "modelEn": "C-HR",
      "modelHe": "סי-אייץ׳-אר"
    },
    {
      "modelId": "toyota:rav4",
      "modelEn": "RAV4",
      "modelHe": "ראב 4"
    },
    {
      "modelId": "toyota:land-cruiser",
      "modelEn": "Land Cruiser",
      "modelHe": "לנד קרוזר"
    },
    {
      "modelId": "toyota:hilux",
      "modelEn": "Hilux",
      "modelHe": "היילקס"
    },
    {
      "modelId": "toyota:aygo",
      "modelEn": "Aygo",
      "modelHe": "אייגו"
    },
    {
      "modelId": "toyota:verso",
      "modelEn": "Verso",
      "modelHe": "ורסו"
    }
  ]
}