[
  {
    "slug": "10-small-car-accessories",
    "titleHe": "10 אביזרים קטנים שמשנים את חוויית הנהיגה",
    "metaDescriptionHe": "מחזיק טלפון יציב, מטען מהיר, מצלמת דרך ועוד — 10 אביזרים קטנים שעושים שדרוג גדול לרכב. טיפים לבחירה בטוחה וחכמה.",
    "excerptHe": "אביזרים זולים יחסית שמורידים עצבים ומשדרגים את היום־יום — מה באמת שווה לקנות?",
    "tags": ["אביזרים", "נהיגה", "טיפים"],
    "sections": [
      {
        "h2He": "מה באמת עושה הבדל ביום־יום",
        "bodyHe": "יש אביזרים שעולים מעט אבל מרגישים כמו שדרוג רכב: מחזיק טלפון שלא רועד, מטען מהיר עם שני חיבורים, מצלמת דרך איכותית, וארגונית לתא המטען. תוסיפו כיסוי שמש, מטליות מיקרופייבר ומד לחץ אוויר קומפקטי — וקיבלתם 'ערכת נהג' חכמה."
      },
      {
        "h2He": "איך בוחרים בלי להתבאס",
        "bodyHe": "העדיפו אביזרים עם תקן בטיחות, חיבור שלא מסתיר שדה ראייה וחומרים שלא נמסים בשמש ישראלית. אם אביזר משפיע על ראות/בטיחות — לא חוסכים."
      }
    ],
    "faq": [
      {
        "qHe": "מה האביזר הכי משתלם להתחיל ממנו?",
        "aHe": "לרוב מטען מהיר איכותי + מחזיק טלפון יציב נותנים הכי הרבה ערך ביום־יום."
      },
      {
        "qHe": "ממה להיזהר בקנייה אונליין?",
        "aHe": "מוצרים בלי תקן/ביקורות, חיבורים חלשים, ותמונות שנראות 'טוב מדי' בלי מפרט."
      }
    ],
    "cta": {
      "primaryLabelHe": "לרכבים למכירה",
      "primaryHref": "/cars",
      "secondaryLabelHe": "פרסום רכב",
      "secondaryHref": "/sell"
    },
    "publishedAt": "2025-12-14T00:00:00.000Z"
  },
  {
    "slug": "dashcam-buying-guide",
    "titleHe": "מצלמת דרך: איך לבחור בלי ליפול על שטויות",
    "metaDescriptionHe": "Full HD או 2K, ראיית לילה, כרטיס Endurance ומצב חניה — מדריך קצר לבחירת מצלמת דרך אמינה בלי לבזבז כסף.",
    "excerptHe": "איכות צילום זה רק חלק מהסיפור — מה חשוב באמת כדי שהמצלמה תעבוד כשצריך?",
    "tags": ["אביזרים", "בטיחות", "מצלמות דרך"],
    "sections": [
      {
        "h2He": "המפרט המינימלי ששווה כסף",
        "bodyHe": "חפשו לפחות Full HD (עדיף 2K), זווית רחבה אבל לא מעוותת מדי, וחיישן שמסתדר בלילה. GPS נחמד אם חשוב לכם תיעוד מהירות/מיקום."
      },
      {
        "h2He": "הטעות שהורסת הכל",
        "bodyHe": "כרטיס זיכרון לא מתאים גורם לקבצים פגומים. עדיפו כרטיס Endurance ייעודי למצלמות דרך — זה מאריך חיים ומשפר אמינות."
      }
    ],
    "faq": [
      {
        "qHe": "מצב חניה חובה?",
        "aHe": "לא חובה, אבל אם אתם חונים ברחוב זה יכול להציל. צריך חיבור מתאים/הזנה מבוקרת."
      },
      {
        "qHe": "2K תמיד עדיף?",
        "aHe": "אם האיכות האופטית והלילה טובים — כן. אבל עדיפות לאמינות ולכרטיס נכון."
      }
    ],
    "cta": {
      "primaryLabelHe": "חיפוש רכבים",
      "primaryHref": "/cars",
      "secondaryLabelHe": "מכור רכב ב-CarExpert",
      "secondaryHref": "/sell"
    },
    "publishedAt": "2025-12-14T00:00:00.000Z"
  },
  {
    "slug": "tire-pressure-saves-money",
    "titleHe": "צמיגים: למה לחץ אוויר נכון חוסך כסף ובטיחות",
    "metaDescriptionHe": "לחץ אוויר נכון משפר אחיזה, מקצר בלימה וחוסך דלק ושחיקה. בדיקה קצרה פעם בשבועיים עושה הבדל גדול.",
    "excerptHe": "נמוך מדי שוחק ומבזבז, גבוה מדי מקפיץ ופוגע באחיזה — כך עושים את זה נכון.",
    "tags": ["תחזוקה", "בטיחות", "צמיגים"],
    "sections": [
      {
        "h2He": "מה קורה כשלא בודקים",
        "bodyHe": "לחץ נמוך מעלה צריכת דלק, שוחק צמיגים ומאריך מרחק בלימה. לחץ גבוה מדי מוריד אחיזה וגורם לנסיעה 'קשיחה'."
      },
      {
        "h2He": "איך בודקים נכון",
        "bodyHe": "הבדיקה הכי טובה כשהצמיג קר, פעם בשבוע-שבועיים. אל תסתמכו רק על חיישן ברכב — מד לחץ ידני פשוט מדויק וזול."
      }
    ],
    "faq": [
      {
        "qHe": "כל כמה זמן לבדוק?",
        "aHe": "בדרך כלל פעם בשבוע-שבועיים, ובטח לפני נסיעה ארוכה."
      },
      {
        "qHe": "אפשר לנפח בתחנת דלק וזהו?",
        "aHe": "כן, אבל כדאי לוודא עם מד ידני מדי פעם, במיוחד אם יש סטייה חוזרת."
      }
    ],
    "cta": {
      "primaryLabelHe": "צפה ברכבים למכירה",
      "primaryHref": "/cars",
      "secondaryLabelHe": "פרסום מודעה",
      "secondaryHref": "/sell"
    },
    "publishedAt": "2025-12-14T00:00:00.000Z"
  },
  {
    "slug": "clean-car-interior-safely",
    "titleHe": "ניקוי פנים הרכב בלי להרוס פלסטיקים ועור",
    "metaDescriptionHe": "דשבורד, פלסטיקים, ריפוד בד ועור — מדריך קצר לניקוי נכון עם חומרים עדינים כדי לשמור על מראה חדש בלי נזקים.",
    "excerptHe": "רוב הנזקים מגיעים מחומר חזק מדי — כך מנקים נכון ובטוח.",
    "tags": ["תחזוקה", "ניקיון", "טיפים"],
    "sections": [
      {
        "h2He": "פלסטיקים ודשבורד",
        "bodyHe": "עדיף חומר עדין ייעודי ומטלית מיקרופייבר. אל תרססו ישירות על הדשבורד — רססו על המטלית כדי למנוע כתמים ונזילות."
      },
      {
        "h2He": "בד ועור",
        "bodyHe": "לבד: ספריי קצף וניגוב נקודתי. לעור: ניקוי והזנה (conditioner) כדי שלא יתייבש ויסדק."
      }
    ],
    "faq": [
      {
        "qHe": "מה אסור לעשות?",
        "aHe": "לא להשתמש בחומרים חריפים/מסירי שומנים חזקים על פלסטיק או עור."
      },
      {
        "qHe": "כמה פעמים לנקות עור?",
        "aHe": "ניקוי עדין לפי צורך, והזנה תקופתית (לרוב כל כמה חודשים) לפי שימוש ושמש."
      }
    ],
    "cta": {
      "primaryLabelHe": "לרכבים באתר",
      "primaryHref": "/cars",
      "secondaryLabelHe": "פרסם רכב למכירה",
      "secondaryHref": "/sell"
    },
    "publishedAt": "2025-12-14T00:00:00.000Z"
  },
  {
    "slug": "phone-holder-3-mistakes",
    "titleHe": "מחזיק טלפון לרכב: 3 טעויות נפוצות",
    "metaDescriptionHe": "מחזיק לגריל שמתנדנד, מיקום שמסתיר שדה ראייה, והתפשרות על יציבות — 3 טעויות נפוצות ואיך לבחור מחזיק שעובד באמת.",
    "excerptHe": "הכי קטן — הכי מעצבן. כך בוחרים מחזיק שלא יהפוך למלחמה עם כל בור.",
    "tags": ["אביזרים", "בטיחות", "טלפון"],
    "sections": [
      {
        "h2He": "שלוש טעויות שחוזרות על עצמן",
        "bodyHe": "1) מחזיק לגריל שמתנדנד בכל בור. 2) מיקום שמסתיר שדה ראייה/מפריע לכרית אוויר. 3) פשרה על יציבות ואז 'אילתורים'."
      },
      {
        "h2He": "מה עובד בפועל",
        "bodyHe": "מגנט איכותי או זרוע עם נעילה חזקה, במיקום נמוך יחסית ובטוח, בלי להפריע למערכות בטיחות."
      }
    ],
    "faq": [
      {
        "qHe": "מגנט לא מסוכן לטלפון?",
        "aHe": "ברוב המקרים לא, אם המוצר איכותי והטלפון מודרני. עדיין עדיפו מותגים מוכרים."
      },
      {
        "qHe": "איפה למקם?",
        "aHe": "נמוך, נגיש, לא על כרית אוויר ולא חוסם שדה ראייה."
      }
    ],
    "cta": {
      "primaryLabelHe": "חפש רכב",
      "primaryHref": "/cars",
      "secondaryLabelHe": "פרסם רכב",
      "secondaryHref": "/sell"
    },
    "publishedAt": "2025-12-14T00:00:00.000Z"
  },
  {
    "slug": "battery-end-of-life-signs",
    "titleHe": "מצבר: הסימנים שהוא מתקרב לסוף",
    "metaDescriptionHe": "הנעה כבדה, אורות חלשים והודעות battery low — הסימנים הקלאסיים למצבר עייף, ומה אפשר לעשות לפני שהוא נתקע.",
    "excerptHe": "מצבר לא מת — הוא מודיע מראש. הנה מה לשים לב אליו.",
    "tags": ["תחזוקה", "חשמל", "טיפים"],
    "sections": [
      {
        "h2He": "סימנים שלא כדאי להתעלם מהם",
        "bodyHe": "הנעה כבדה בבוקר, אורות חלשים בזמן התנעה והתרעות חוזרות הם סימנים ברורים. רכבים שעומדים הרבה (ובעיקר בחורף) מעייפים מצבר מהר."
      },
      {
        "h2He": "איך מאריכים חיים",
        "bodyHe": "מטען/מתחזק מצבר (Trickle Charger) יכול להציל מצבר ברכב שנוסע מעט — במיוחד אם יש חניה קבועה ושימוש לא יומיומי."
      }
    ],
    "faq": [
      {
        "qHe": "המצבר חדש יחסית ועדיין חלש — למה?",
        "aHe": "נסיעות קצרות, עמידה ממושכת, צרכני חשמל, או טעינה לא מלאה לאורך זמן."
      },
      {
        "qHe": "Trickle Charger מתאים לכולם?",
        "aHe": "לרוב כן, אבל חשוב להתאים לסוג המצבר ולעקוב אחרי הוראות היצרן."
      }
    ],
    "cta": {
      "primaryLabelHe": "לרכבים למכירה",
      "primaryHref": "/cars",
      "secondaryLabelHe": "פרסום רכב",
      "secondaryHref": "/sell"
    },
    "publishedAt": "2025-12-14T00:00:00.000Z"
  },
  {
    "slug": "must-have-ev-accessories",
    "titleHe": "רכב חשמלי: אביזרים שחייבים למי שעובר לחשמלי",
    "metaDescriptionHe": "כבל טעינה איכותי, תיק לכבלים, מתאם נכון ומגן לכבל — רשימת חובה קצרה למעבר לרכב חשמלי בצורה בטוחה ונוחה.",
    "excerptHe": "ברכב חשמלי לא חוסכים על תקן. הנה מה שכדאי שיהיה בתא המטען מהיום הראשון.",
    "tags": ["רכב חשמלי", "אביזרים", "טעינה"],
    "sections": [
      {
        "h2He": "מה לקחת כבר מהרגע הראשון",
        "bodyHe": "כבל טעינה איכותי (אם לא מגיע), תיק אחסון, מתאם/מפצל לפי הצורך ומגן לכבל כדי שלא ייקרע בחניה."
      },
      {
        "h2He": "הדבר הכי חשוב: תקן",
        "bodyHe": "אל תבחרו כבלים ללא תקן. זה המקום להיות שמרנים — בטיחות לפני מחיר."
      }
    ],
    "faq": [
      {
        "qHe": "צריך כבל נוסף אם קיבלתי עם הרכב?",
        "aHe": "לפעמים כן — תלוי בהרגלי טעינה ובמיקומים (בית/עבודה/נסיעות)."
      },
      {
        "qHe": "מגן לכבל באמת חשוב?",
        "aHe": "כן, במיוחד בחניות צפופות או מעבר מדרכה."
      }
    ],
    "cta": {
      "primaryLabelHe": "חפש רכבים",
      "primaryHref": "/cars",
      "secondaryLabelHe": "פרסם מודעה",
      "secondaryHref": "/sell"
    },
    "publishedAt": "2025-12-14T00:00:00.000Z"
  },
  {
    "slug": "used-car-checklist-short",
    "titleHe": "מה לבדוק לפני קנייה של רכב יד שנייה (בקיצור שעובד)",
    "metaDescriptionHe": "צ'ק-ליסט קצר לקניית יד שנייה: ק\"מ מול טיפולים, צמיגים, בלמים, נזילות, מזגן וחשמל + נסיעת מבחן נכונה.",
    "excerptHe": "בלי חפירות — מה באמת לבדוק כדי לא ליפול על הפתעות יקרות.",
    "tags": ["קנייה", "יד שנייה", "טיפים"],
    "sections": [
      {
        "h2He": "הצ'ק-ליסט המהיר",
        "bodyHe": "בדקו התאמה בין ק\"מ להיסטוריית טיפולים, צמיגים (שנה/שחיקה), מצב בלמים, נזילות מתחת לרכב ותפעול מזגן/חשמל."
      },
      {
        "h2He": "נסיעת מבחן שעושה סדר",
        "bodyHe": "חייבת לכלול עירוני ובינעירוני. אם משהו 'מרגיש' לא נכון — אל תתווכחו עם הבטן. יש עוד רכבים."
      }
    ],
    "faq": [
      {
        "qHe": "מה המדד הכי חשוב?",
        "aHe": "שילוב של היסטוריית טיפולים + נסיעה שמרגישה תקינה. בלי זה — לא מתקדמים."
      },
      {
        "qHe": "אם אין היסטוריה מסודרת?",
        "aHe": "זה לא תמיד פסילה, אבל זה מעלה סיכון — תתמחרו בהתאם ותהיו זהירים יותר."
      }
    ],
    "cta": {
      "primaryLabelHe": "עבור לחיפוש רכבים",
      "primaryHref": "/cars",
      "secondaryLabelHe": "פרסום רכב למכירה",
      "secondaryHref": "/sell"
    },
    "publishedAt": "2025-12-14T00:00:00.000Z"
  },
  {
    "slug": "trunk-organization-upgrade",
    "titleHe": "שדרוג תא מטען: סדר שעושה שקט בראש",
    "metaDescriptionHe": "ארגונית מתקפלת, רשת קשירה ותיק חירום קטן — כך הופכים תא מטען מבלאגן למחסן מסודר ובטוח.",
    "excerptHe": "סדר בתא המטען זה גם נוחות וגם בטיחות — הנה סט קצר שעובד.",
    "tags": ["אביזרים", "בטיחות", "ארגון"],
    "sections": [
      {
        "h2He": "מה לשים בתא המטען",
        "bodyHe": "ארגונית מתקפלת, רשת קשירה ותיק חירום קטן. כבלים, משולש/אפוד, פנס ומטען — הכל במקום אחד."
      },
      {
        "h2He": "טיפ בטיחות קטן",
        "bodyHe": "שימו דברים כבדים נמוך וקשור. זה מונע 'טילים' בתא המטען בבלימה."
      }
    ],
    "faq": [
      {
        "qHe": "צריך לקנות הכל?",
        "aHe": "לא. התחילו מארגונית ורשת — זה עושה את רוב העבודה."
      },
      {
        "qHe": "איפה לשים ציוד חירום?",
        "aHe": "במיקום קבוע ונגיש, כדי שלא תחפשו אותו ברגע האמת."
      }
    ],
    "cta": {
      "primaryLabelHe": "חיפוש רכבים",
      "primaryHref": "/cars",
      "secondaryLabelHe": "פרסום מודעה",
      "secondaryHref": "/sell"
    },
    "publishedAt": "2025-12-14T00:00:00.000Z"
  },
  {
    "slug": "sunshade-worth-it",
    "titleHe": "כיסוי שמש: למה זה לא רק 'נוחות'",
    "metaDescriptionHe": "כיסוי שמש מוריד טמפרטורה, שומר על דשבורד וריפודים ומאריך חיים לרכב. אחד האביזרים הכי משתלמים לקיץ הישראלי.",
    "excerptHe": "פחות חום, פחות בלאי, יותר נעים — כיסוי שמש טוב שווה את זה.",
    "tags": ["אביזרים", "קיץ", "תחזוקה"],
    "sections": [
      {
        "h2He": "מה הוא באמת חוסך",
        "bodyHe": "מוריד טמפרטורה, שומר על דשבורד שלא יתייבש ומאריך חיים לריפודים. ברכב שחונה בשמש — זה משתלם במיוחד."
      },
      {
        "h2He": "איך בוחרים",
        "bodyHe": "כיסוי מותאם לשמשה הקדמית יושב טוב יותר ולא נופל באמצע היום."
      }
    ],
    "faq": [
      {
        "qHe": "זה באמת משפיע על בלאי?",
        "aHe": "כן — פחות חום ישיר על פלסטיקה וריפודים לאורך זמן."
      },
      {
        "qHe": "אוניברסלי מספיק?",
        "aHe": "לעיתים, אבל התאמה לשמשה נותנת כיסוי טוב ויציבות."
      }
    ],
    "cta": {
      "primaryLabelHe": "לרכבים למכירה",
      "primaryHref": "/cars",
      "secondaryLabelHe": "פרסם רכב",
      "secondaryHref": "/sell"
    },
    "publishedAt": "2025-12-14T00:00:00.000Z"
  },
  {
    "slug": "car-lights-monthly-check",
    "titleHe": "אורות ברכב: איך לדעת שהכל תקין בלי להיות מוסכניק",
    "metaDescriptionHe": "בדיקת אורות חודשית של דקה: דרך/גבוה, איתותים, רוורס, בלם וערפל. כך נמנעים מדוחות ומסכנה.",
    "excerptHe": "דקה אחת בחודש שחוסכת דוחות וטעויות בכביש — בדיקת אורות פשוטה.",
    "tags": ["בטיחות", "תחזוקה", "אורות"],
    "sections": [
      {
        "h2He": "סיבוב אורות קצר",
        "bodyHe": "אחת לחודש עשו בדיקה: אורות דרך/גבוה, איתותים, רוורס, בלם וערפל אם יש. זה לוקח דקה."
      },
      {
        "h2He": "נורה נשרפת שוב ושוב?",
        "bodyHe": "זה יכול להעיד על מגע/תושבת/רטיבות — לא רק 'מזל רע'."
      }
    ],
    "faq": [
      {
        "qHe": "אפשר לבד לבדוק בלם?",
        "aHe": "כן, עם קיר/חלון השתקפות או בעזרת אדם נוסף שמסתכל מאחור."
      },
      {
        "qHe": "נורה חדשה ונשרפת מהר — מה עושים?",
        "aHe": "בודקים תושבת, אטימה ורטיבות, ומוודאים התאמה לסוג הנורה."
      }
    ],
    "cta": {
      "primaryLabelHe": "חפש רכב",
      "primaryHref": "/cars",
      "secondaryLabelHe": "פרסם רכב למכירה",
      "secondaryHref": "/sell"
    },
    "publishedAt": "2025-12-14T00:00:00.000Z"
  },
  {
    "slug": "nice-smell-without-overdoing",
    "titleHe": "ריח טוב ברכב בלי להשתגע ממבשמים חזקים",
    "metaDescriptionHe": "ריח טוב מתחיל בניקוי: שטיחים, פילטר מזגן ותעלות. אחרי זה מפיץ ריח עדין שמחזיק בלי לחנוק.",
    "excerptHe": "קודם מנקים את המקור — ואז בוחרים ריח עדין. פילטר מזגן חדש עושה פלאים.",
    "tags": ["ניקיון", "טיפים", "נוחות"],
    "sections": [
      {
        "h2He": "קודם כל: ניקוי בסיסי",
        "bodyHe": "לפעמים מבשם רק מסתיר ריח רע. התחילו בשטיחים, החלפת פילטר מזגן וניקוי תעלות אם צריך."
      },
      {
        "h2He": "ואז: ריח עדין",
        "bodyHe": "בחרו מפיץ ריח לא מתוק מדי, עדין, שמחזיק. פילטר מזגן חדש עושה פלאים יותר מכל בושם."
      }
    ],
    "faq": [
      {
        "qHe": "למה הריח חוזר מהר?",
        "aHe": "כי המקור לא נוקה (פילטר, שטיחים, לחות)."
      },
      {
        "qHe": "איזה סוג מפיץ הכי סביר?",
        "aHe": "עדין וקבוע (לא 'פצצה' חזקה), ובכמות נמוכה."
      }
    ],
    "cta": {
      "primaryLabelHe": "לרכבים באתר",
      "primaryHref": "/cars",
      "secondaryLabelHe": "פרסום מודעה",
      "secondaryHref": "/sell"
    },
    "publishedAt": "2025-12-14T00:00:00.000Z"
  }
]
