{
  "version": "v1",
  "generatedAt": "2025-12-16T11:19:11+0200",
  "brandId": "alfa-romeo",
  "brandEn": "Alfa Romeo",
  "brandHe": "אלפא רומיאו",
  "models": [
    {
      "modelEn": "MiTo",
      "modelHe": "מיטו"
    },
    {
      "modelEn": "Giulietta",
      "modelHe": "ג'ולייטה"
    },
    {
      "modelEn": "Giulia",
      "modelHe": "ג'וליה"
    },
    {
      "modelEn": "Stelvio",
      "modelHe": "סטלביו"
    },
    {
      "modelEn": "Tonale",
      "modelHe": "טונאלה"
    },
    {
      "modelEn": "159",
      "modelHe": "159"
    }
  ]
}