{
  "version": "v1",
  "generatedAt": "2025-12-16T11:19:11+0200",
  "brandId": "audi",
  "brandEn": "Audi",
  "brandHe": "אאודי",
  "models": [
    {
      "modelEn": "A1",
      "modelHe": "A1"
    },
    {
      "modelEn": "A3",
      "modelHe": "A3"
    },
    {
      "modelEn": "A4",
      "modelHe": "A4"
    },
    {
      "modelEn": "A5",
      "modelHe": "A5"
    },
    {
      "modelEn": "A6",
      "modelHe": "A6"
    },
    {
      "modelEn": "A7",
      "modelHe": "A7"
    },
    {
      "modelEn": "Q2",
      "modelHe": "Q2"
    },
    {
      "modelEn": "Q3",
      "modelHe": "Q3"
    },
    {
      "modelEn": "Q5",
      "modelHe": "Q5"
    },
    {
      "modelEn": "Q7",
      "modelHe": "Q7"
    },
    {
      "modelEn": "Q8",
      "modelHe": "Q8"
    },
    {
      "modelEn": "e-tron",
      "modelHe": "אטרון"
    }
  ]
}