{
  "version": "v1",
  "generatedAt": "2025-12-16T11:19:11+0200",
  "brandId": "bmw",
  "brandEn": "BMW",
  "brandHe": "ב.מ.וו",
  "models": [
    {
      "modelEn": "1 Series",
      "modelHe": "סדרה 1"
    },
    {
      "modelEn": "2 Series",
      "modelHe": "סדרה 2"
    },
    {
      "modelEn": "3 Series",
      "modelHe": "סדרה 3"
    },
    {
      "modelEn": "4 Series",
      "modelHe": "סדרה 4"
    },
    {
      "modelEn": "5 Series",
      "modelHe": "סדרה 5"
    },
    {
      "modelEn": "7 Series",
      "modelHe": "סדרה 7"
    },
    {
      "modelEn": "X1",
      "modelHe": "X1"
    },
    {
      "modelEn": "X3",
      "modelHe": "X3"
    },
    {
      "modelEn": "X5",
      "modelHe": "X5"
    },
    {
      "modelEn": "X6",
      "modelHe": "X6"
    },
    {
      "modelEn": "i3",
      "modelHe": "i3"
    },
    {
      "modelEn": "i4",
      "modelHe": "i4"
    },
    {
      "modelEn": "iX",
      "modelHe": "iX"
    }
  ]
}