{
  "version": "v1",
  "generatedAt": "2025-12-16T11:19:11+0200",
  "brandId": "cadillac",
  "brandEn": "Cadillac",
  "brandHe": "קאדילק",
  "models": [
    {
      "modelEn": "ATS",
      "modelHe": "ATS"
    },
    {
      "modelEn": "CTS",
      "modelHe": "CTS"
    },
    {
      "modelEn": "XTS",
      "modelHe": "XTS"
    },
    {
      "modelEn": "CT4",
      "modelHe": "CT4"
    },
    {
      "modelEn": "CT5",
      "modelHe": "CT5"
    },
    {
      "modelEn": "Escalade",
      "modelHe": "אסקלייד"
    },
    {
      "modelEn": "XT4",
      "modelHe": "XT4"
    },
    {
      "modelEn": "XT5",
      "modelHe": "XT5"
    },
    {
      "modelEn": "XT6",
      "modelHe": "XT6"
    }
  ]
}