{
  "version": "v1",
  "generatedAt": "2025-12-16T11:19:11+0200",
  "brandId": "chevrolet",
  "brandEn": "Chevrolet",
  "brandHe": "שברולט",
  "models": [
    {
      "modelEn": "Spark",
      "modelHe": "ספארק"
    },
    {
      "modelEn": "Aveo",
      "modelHe": "אבאו"
    },
    {
      "modelEn": "Cruze",
      "modelHe": "קרוז"
    },
    {
      "modelEn": "Malibu",
      "modelHe": "מאליבו"
    },
    {
      "modelEn": "Orlando",
      "modelHe": "אורלנדו"
    },
    {
      "modelEn": "Trax",
      "modelHe": "טראקס"
    },
    {
      "modelEn": "Captiva",
      "modelHe": "קפטיבה"
    },
    {
      "modelEn": "Equinox",
      "modelHe": "אקווינוקס"
    }
  ]
}