{
  "version": "v1",
  "generatedAt": "2025-12-16T11:19:11+0200",
  "brandId": "citroen",
  "brandEn": "Citroen",
  "brandHe": "סיטרואן",
  "models": [
    {
      "modelEn": "C1",
      "modelHe": "C1"
    },
    {
      "modelEn": "C2",
      "modelHe": "C2"
    },
    {
      "modelEn": "C3",
      "modelHe": "C3"
    },
    {
      "modelEn": "C3 Aircross",
      "modelHe": "C3 איירקרוס"
    },
    {
      "modelEn": "C4",
      "modelHe": "C4"
    },
    {
      "modelEn": "C4 Cactus",
      "modelHe": "C4 קקטוס"
    },
    {
      "modelEn": "C5",
      "modelHe": "C5"
    },
    {
      "modelEn": "C5 Aircross",
      "modelHe": "C5 איירקרוס"
    },
    {
      "modelEn": "Berlingo",
      "modelHe": "ברלינגו"
    },
    {
      "modelEn": "Jumpy",
      "modelHe": "ג׳אמפי"
    }
  ]
}