{
  "version": "v1",
  "generatedAt": "2025-12-16T11:19:11+0200",
  "brandId": "dacia",
  "brandEn": "Dacia",
  "brandHe": "דאצ׳יה",
  "models": [
    {
      "modelEn": "Logan",
      "modelHe": "לוגאן"
    },
    {
      "modelEn": "Sandero",
      "modelHe": "סנדרו"
    },
    {
      "modelEn": "Duster",
      "modelHe": "דסטר"
    },
    {
      "modelEn": "Dokker",
      "modelHe": "דוקקר"
    },
    {
      "modelEn": "Lodgy",
      "modelHe": "לוג׳י"
    },
    {
      "modelEn": "Jogger",
      "modelHe": "ג׳וגר"
    }
  ]
}