{
  "version": "v1",
  "generatedAt": "2025-12-16T11:19:11+0200",
  "brandId": "fiat",
  "brandEn": "Fiat",
  "brandHe": "פיאט",
  "models": [
    {
      "modelEn": "Panda",
      "modelHe": "פנדה"
    },
    {
      "modelEn": "500",
      "modelHe": "500"
    },
    {
      "modelEn": "500X",
      "modelHe": "500X"
    },
    {
      "modelEn": "Punto",
      "modelHe": "פונטו"
    },
    {
      "modelEn": "Tipo",
      "modelHe": "טיפו"
    },
    {
      "modelEn": "Doblo",
      "modelHe": "דובלו"
    },
    {
      "modelEn": "Fiorino",
      "modelHe": "פיורינו"
    }
  ]
}