{
  "version": "v1",
  "generatedAt": "2025-12-16T11:19:11+0200",
  "brandId": "ford",
  "brandEn": "Ford",
  "brandHe": "פורד",
  "models": [
    {
      "modelEn": "Fiesta",
      "modelHe": "פיאסטה"
    },
    {
      "modelEn": "Focus",
      "modelHe": "פוקוס"
    },
    {
      "modelEn": "Mondeo",
      "modelHe": "מונדאו"
    },
    {
      "modelEn": "Fusion",
      "modelHe": "פיוז'ן"
    },
    {
      "modelEn": "Kuga",
      "modelHe": "קוגה"
    },
    {
      "modelEn": "Edge",
      "modelHe": "אדג'"
    },
    {
      "modelEn": "Escape",
      "modelHe": "אסקייפ"
    },
    {
      "modelEn": "Explorer",
      "modelHe": "אקספלורר"
    },
    {
      "modelEn": "Ranger",
      "modelHe": "ריינג'ר"
    },
    {
      "modelEn": "Transit",
      "modelHe": "טרנזיט"
    }
  ]
}