{
  "version": "v1",
  "generatedAt": "2025-12-16T11:19:11+0200",
  "brandId": "honda",
  "brandEn": "Honda",
  "brandHe": "הונדה",
  "models": [
    {
      "modelEn": "Civic",
      "modelHe": "סיוויק"
    },
    {
      "modelEn": "Accord",
      "modelHe": "אקורד"
    },
    {
      "modelEn": "Jazz",
      "modelHe": "ג'אז"
    },
    {
      "modelEn": "HR-V",
      "modelHe": "HR-V"
    },
    {
      "modelEn": "CR-V",
      "modelHe": "CR-V"
    },
    {
      "modelEn": "Insight",
      "modelHe": "אינסייט"
    },
    {
      "modelEn": "City",
      "modelHe": "סיטי"
    }
  ]
}