{
  "version": "v1",
  "generatedAt": "2025-12-16T11:19:11+0200",
  "brandId": "hyundai",
  "brandEn": "Hyundai",
  "brandHe": "יונדאי",
  "models": [
    {
      "modelEn": "i10",
      "modelHe": "i10"
    },
    {
      "modelEn": "i20",
      "modelHe": "i20"
    },
    {
      "modelEn": "i30",
      "modelHe": "i30"
    },
    {
      "modelEn": "Accent",
      "modelHe": "אקסנט"
    },
    {
      "modelEn": "Elantra",
      "modelHe": "אלנטרה"
    },
    {
      "modelEn": "Getz",
      "modelHe": "גטס"
    },
    {
      "modelEn": "Tucson",
      "modelHe": "טוסון"
    },
    {
      "modelEn": "Santa Fe",
      "modelHe": "סנטה פה"
    },
    {
      "modelEn": "Kona",
      "modelHe": "קונה"
    },
    {
      "modelEn": "Ioniq",
      "modelHe": "יוניק"
    },
    {
      "modelEn": "Bayon",
      "modelHe": "ביון"
    }
  ]
}