{
  "version": "v1",
  "generatedAt": "2025-12-16T11:19:11+0200",
  "brandId": "kia",
  "brandEn": "Kia",
  "brandHe": "קיה",
  "models": [
    {
      "modelEn": "Picanto",
      "modelHe": "פיקנטו"
    },
    {
      "modelEn": "Rio",
      "modelHe": "ריו"
    },
    {
      "modelEn": "Ceed",
      "modelHe": "סיד"
    },
    {
      "modelEn": "Cerato",
      "modelHe": "סראטו"
    },
    {
      "modelEn": "Sportage",
      "modelHe": "ספורטאז׳"
    },
    {
      "modelEn": "Sorento",
      "modelHe": "סורנטו"
    },
    {
      "modelEn": "Niro",
      "modelHe": "נירו"
    },
    {
      "modelEn": "Stonic",
      "modelHe": "סטוניק"
    },
    {
      "modelEn": "Carnival",
      "modelHe": "קרניבל"
    }
  ]
}