{
  "version": "v1",
  "generatedAt": "2025-12-16T11:19:11+0200",
  "brandId": "lexus",
  "brandEn": "Lexus",
  "brandHe": "לקסוס",
  "models": [
    {
      "modelEn": "CT",
      "modelHe": "CT"
    },
    {
      "modelEn": "IS",
      "modelHe": "IS"
    },
    {
      "modelEn": "ES",
      "modelHe": "ES"
    },
    {
      "modelEn": "GS",
      "modelHe": "GS"
    },
    {
      "modelEn": "LS",
      "modelHe": "LS"
    },
    {
      "modelEn": "NX",
      "modelHe": "NX"
    },
    {
      "modelEn": "RX",
      "modelHe": "RX"
    },
    {
      "modelEn": "UX",
      "modelHe": "UX"
    },
    {
      "modelEn": "GX",
      "modelHe": "GX"
    },
    {
      "modelEn": "LX",
      "modelHe": "LX"
    }
  ]
}