{
  "version": "v1",
  "generatedAt": "2025-12-16T11:19:11+0200",
  "brandId": "mazda",
  "brandEn": "Mazda",
  "brandHe": "מאזדה",
  "models": [
    {
      "modelEn": "Mazda 2",
      "modelHe": "מאזדה 2"
    },
    {
      "modelEn": "Mazda 3",
      "modelHe": "מאזדה 3"
    },
    {
      "modelEn": "Mazda 5",
      "modelHe": "מאזדה 5"
    },
    {
      "modelEn": "Mazda 6",
      "modelHe": "מאזדה 6"
    },
    {
      "modelEn": "CX-3",
      "modelHe": "CX-3"
    },
    {
      "modelEn": "CX-30",
      "modelHe": "CX-30"
    },
    {
      "modelEn": "CX-5",
      "modelHe": "CX-5"
    },
    {
      "modelEn": "CX-9",
      "modelHe": "CX-9"
    },
    {
      "modelEn": "MX-5",
      "modelHe": "MX-5"
    }
  ]
}