{
  "version": "v1",
  "generatedAt": "2025-12-16T11:19:11+0200",
  "brandId": "mini",
  "brandEn": "MINI",
  "brandHe": "מיני",
  "models": [
    {
      "modelEn": "Cooper 3 Door",
      "modelHe": "קופר 3 דלתות"
    },
    {
      "modelEn": "Cooper 5 Door",
      "modelHe": "קופר 5 דלתות"
    },
    {
      "modelEn": "Countryman",
      "modelHe": "קאנטרימן"
    },
    {
      "modelEn": "Clubman",
      "modelHe": "קלאבמן"
    },
    {
      "modelEn": "Convertible",
      "modelHe": "קונברטיבל"
    },
    {
      "modelEn": "Electric",
      "modelHe": "אלקטריק"
    }
  ]
}