{
  "version": "v1",
  "generatedAt": "2025-12-16T11:19:11+0200",
  "brandId": "mitsubishi",
  "brandEn": "Mitsubishi",
  "brandHe": "מיצובישי",
  "models": [
    {
      "modelEn": "Lancer",
      "modelHe": "לאנסר"
    },
    {
      "modelEn": "Attrage",
      "modelHe": "אטרז׳"
    },
    {
      "modelEn": "Space Star",
      "modelHe": "ספייס סטאר"
    },
    {
      "modelEn": "ASX",
      "modelHe": "ASX"
    },
    {
      "modelEn": "Outlander",
      "modelHe": "אאוטלנדר"
    },
    {
      "modelEn": "Pajero",
      "modelHe": "פאג׳רו"
    },
    {
      "modelEn": "Eclipse Cross",
      "modelHe": "אקליפס קרוס"
    },
    {
      "modelEn": "L200",
      "modelHe": "L200"
    }
  ]
}