{
  "version": "v1",
  "generatedAt": "2025-12-16T11:19:11+0200",
  "brandId": "nissan",
  "brandEn": "Nissan",
  "brandHe": "ניסאן",
  "models": [
    {
      "modelEn": "Micra",
      "modelHe": "מיקרה"
    },
    {
      "modelEn": "Juke",
      "modelHe": "ג'וק"
    },
    {
      "modelEn": "Note",
      "modelHe": "נוט"
    },
    {
      "modelEn": "Sentra",
      "modelHe": "סנטרה"
    },
    {
      "modelEn": "Qashqai",
      "modelHe": "קשקאי"
    },
    {
      "modelEn": "X-Trail",
      "modelHe": "אקס-טרייל"
    },
    {
      "modelEn": "Altima",
      "modelHe": "אלטימה"
    },
    {
      "modelEn": "Maxima",
      "modelHe": "מקסימה"
    },
    {
      "modelEn": "Leaf",
      "modelHe": "ליף"
    }
  ]
}