{
  "version": "v1",
  "generatedAt": "2025-12-16T11:19:11+0200",
  "brandId": "opel",
  "brandEn": "Opel",
  "brandHe": "אופל",
  "models": [
    {
      "modelEn": "Corsa",
      "modelHe": "קורסה"
    },
    {
      "modelEn": "Astra",
      "modelHe": "אסטרה"
    },
    {
      "modelEn": "Insignia",
      "modelHe": "אינסיגניה"
    },
    {
      "modelEn": "Zafira",
      "modelHe": "זפירה"
    },
    {
      "modelEn": "Mokka",
      "modelHe": "מוקקא"
    },
    {
      "modelEn": "Crossland",
      "modelHe": "קרוסלנד"
    },
    {
      "modelEn": "Grandland",
      "modelHe": "גרנדלנד"
    }
  ]
}