{
  "version": "v1",
  "generatedAt": "2025-12-16T11:19:11+0200",
  "brandId": "peugeot",
  "brandEn": "Peugeot",
  "brandHe": "פיג׳ו",
  "models": [
    {
      "modelEn": "206",
      "modelHe": "206"
    },
    {
      "modelEn": "207",
      "modelHe": "207"
    },
    {
      "modelEn": "208",
      "modelHe": "208"
    },
    {
      "modelEn": "301",
      "modelHe": "301"
    },
    {
      "modelEn": "307",
      "modelHe": "307"
    },
    {
      "modelEn": "308",
      "modelHe": "308"
    },
    {
      "modelEn": "407",
      "modelHe": "407"
    },
    {
      "modelEn": "508",
      "modelHe": "508"
    },
    {
      "modelEn": "2008",
      "modelHe": "2008"
    },
    {
      "modelEn": "3008",
      "modelHe": "3008"
    },
    {
      "modelEn": "5008",
      "modelHe": "5008"
    }
  ]
}