{
  "version": "v1",
  "generatedAt": "2025-12-16T11:19:11+0200",
  "brandId": "porsche",
  "brandEn": "Porsche",
  "brandHe": "פורשה",
  "models": [
    {
      "modelEn": "911",
      "modelHe": "911"
    },
    {
      "modelEn": "Cayman",
      "modelHe": "קיימן"
    },
    {
      "modelEn": "Boxster",
      "modelHe": "בוקסטר"
    },
    {
      "modelEn": "Panamera",
      "modelHe": "פאנמרה"
    },
    {
      "modelEn": "Macan",
      "modelHe": "מקאן"
    },
    {
      "modelEn": "Cayenne",
      "modelHe": "קאיין"
    },
    {
      "modelEn": "Taycan",
      "modelHe": "טאיקאן"
    }
  ]
}