{
  "version": "v1",
  "generatedAt": "2025-12-16T11:19:11+0200",
  "brandId": "renault",
  "brandEn": "Renault",
  "brandHe": "רנו",
  "models": [
    {
      "modelEn": "Twingo",
      "modelHe": "טווינגו"
    },
    {
      "modelEn": "Clio",
      "modelHe": "קליאו"
    },
    {
      "modelEn": "Megane",
      "modelHe": "מגאן"
    },
    {
      "modelEn": "Fluence",
      "modelHe": "פלואנס"
    },
    {
      "modelEn": "Symbol",
      "modelHe": "סימבול"
    },
    {
      "modelEn": "Captur",
      "modelHe": "קפצ׳ור"
    },
    {
      "modelEn": "Kadjar",
      "modelHe": "קג׳אר"
    },
    {
      "modelEn": "Koleos",
      "modelHe": "קולאוס"
    },
    {
      "modelEn": "Scenic",
      "modelHe": "סניק"
    },
    {
      "modelEn": "Espace",
      "modelHe": "אספאס"
    }
  ]
}