{
  "version": "v1",
  "generatedAt": "2025-12-16T11:19:11+0200",
  "brandId": "seat",
  "brandEn": "Seat",
  "brandHe": "סיאט",
  "models": [
    {
      "modelEn": "Ibiza",
      "modelHe": "איביזה"
    },
    {
      "modelEn": "Leon",
      "modelHe": "לאון"
    },
    {
      "modelEn": "Toledo",
      "modelHe": "טולדו"
    },
    {
      "modelEn": "Arona",
      "modelHe": "ארונה"
    },
    {
      "modelEn": "Ateca",
      "modelHe": "אטקה"
    },
    {
      "modelEn": "Tarraco",
      "modelHe": "טראקו"
    }
  ]
}