{
  "version": "v1",
  "generatedAt": "2025-12-16T11:19:11+0200",
  "brandId": "skoda",
  "brandEn": "Skoda",
  "brandHe": "סקודה",
  "models": [
    {
      "modelEn": "Fabia",
      "modelHe": "פאביה"
    },
    {
      "modelEn": "Rapid",
      "modelHe": "ראפיד"
    },
    {
      "modelEn": "Scala",
      "modelHe": "סקאלה"
    },
    {
      "modelEn": "Octavia",
      "modelHe": "אוקטביה"
    },
    {
      "modelEn": "Superb",
      "modelHe": "סופרב"
    },
    {
      "modelEn": "Karoq",
      "modelHe": "קארוק"
    },
    {
      "modelEn": "Kodiaq",
      "modelHe": "קודיאק"
    },
    {
      "modelEn": "Enyaq",
      "modelHe": "איניאק"
    }
  ]
}