{
  "version": "v1",
  "generatedAt": "2025-12-16T11:19:11+0200",
  "brandId": "subaru",
  "brandEn": "Subaru",
  "brandHe": "סובארו",
  "models": [
    {
      "modelEn": "Justy",
      "modelHe": "ג׳אסטי"
    },
    {
      "modelEn": "Impreza",
      "modelHe": "אימפרזה"
    },
    {
      "modelEn": "Legacy",
      "modelHe": "לגאסי"
    },
    {
      "modelEn": "Outback",
      "modelHe": "אאוטבק"
    },
    {
      "modelEn": "Forester",
      "modelHe": "פורסטר"
    },
    {
      "modelEn": "XV",
      "modelHe": "XV"
    },
    {
      "modelEn": "BRZ",
      "modelHe": "BRZ"
    }
  ]
}