{
  "version": "v1",
  "generatedAt": "2025-12-16T11:19:11+0200",
  "brandId": "suzuki",
  "brandEn": "Suzuki",
  "brandHe": "סוזוקי",
  "models": [
    {
      "modelEn": "Alto",
      "modelHe": "אלטו"
    },
    {
      "modelEn": "Celerio",
      "modelHe": "סלריו"
    },
    {
      "modelEn": "Ignis",
      "modelHe": "איגניס"
    },
    {
      "modelEn": "Swift",
      "modelHe": "סוויפט"
    },
    {
      "modelEn": "Baleno",
      "modelHe": "בלנו"
    },
    {
      "modelEn": "SX4",
      "modelHe": "SX4"
    },
    {
      "modelEn": "Vitara",
      "modelHe": "ויטארה"
    },
    {
      "modelEn": "S-Cross",
      "modelHe": "אס-קרוס"
    },
    {
      "modelEn": "Jimny",
      "modelHe": "ג׳ימני"
    }
  ]
}