{
  "version": "v1",
  "generatedAt": "2025-12-16T11:19:11+0200",
  "brandId": "toyota",
  "brandEn": "Toyota",
  "brandHe": "טויוטה",
  "models": [
    {
      "modelEn": "Corolla",
      "modelHe": "קורולה"
    },
    {
      "modelEn": "Yaris",
      "modelHe": "יאריס"
    },
    {
      "modelEn": "Auris",
      "modelHe": "אוריס"
    },
    {
      "modelEn": "Avensis",
      "modelHe": "אוונסיס"
    },
    {
      "modelEn": "Camry",
      "modelHe": "קאמרי"
    },
    {
      "modelEn": "Prius",
      "modelHe": "פריוס"
    },
    {
      "modelEn": "C-HR",
      "modelHe": "סי-אייץ׳-אר"
    },
    {
      "modelEn": "RAV4",
      "modelHe": "ראב 4"
    },
    {
      "modelEn": "Land Cruiser",
      "modelHe": "לנד קרוזר"
    },
    {
      "modelEn": "Hilux",
      "modelHe": "היילקס"
    },
    {
      "modelEn": "Aygo",
      "modelHe": "אייגו"
    },
    {
      "modelEn": "Verso",
      "modelHe": "ורסו"
    }
  ]
}