{
  "version": "v1",
  "generatedAt": "2025-12-16T11:19:11+0200",
  "brandId": "volkswagen",
  "brandEn": "Volkswagen",
  "brandHe": "פולקסווגן",
  "models": [
    {
      "modelEn": "Polo",
      "modelHe": "פולו"
    },
    {
      "modelEn": "Golf",
      "modelHe": "גולף"
    },
    {
      "modelEn": "Passat",
      "modelHe": "פאסאט"
    },
    {
      "modelEn": "Jetta",
      "modelHe": "ג׳טה"
    },
    {
      "modelEn": "Tiguan",
      "modelHe": "טיגואן"
    },
    {
      "modelEn": "T-Roc",
      "modelHe": "טי-רוק"
    },
    {
      "modelEn": "Touran",
      "modelHe": "טוראן"
    },
    {
      "modelEn": "Sharan",
      "modelHe": "שארן"
    },
    {
      "modelEn": "Touareg",
      "modelHe": "טוארג"
    },
    {
      "modelEn": "Up",
      "modelHe": "אפ"
    }
  ]
}