{
  "version": "v1",
  "generatedAt": "2025-12-16T11:19:11+0200",
  "brandId": "volvo",
  "brandEn": "Volvo",
  "brandHe": "וולוו",
  "models": [
    {
      "modelEn": "V40",
      "modelHe": "V40"
    },
    {
      "modelEn": "S60",
      "modelHe": "S60"
    },
    {
      "modelEn": "S90",
      "modelHe": "S90"
    },
    {
      "modelEn": "XC40",
      "modelHe": "XC40"
    },
    {
      "modelEn": "XC60",
      "modelHe": "XC60"
    },
    {
      "modelEn": "XC90",
      "modelHe": "XC90"
    }
  ]
}